inn,класс,год_дела,стадия,вес,okved,окопф,выручка,автономия,ликвидность,падение_выручки,ча_отрицательные_2года,убыток_2года,флаги
0101006721,выжил,,,9.81767,47.1,12300,13970,0.863916,7.28387,0.112114,False,False,
0104003180,выжил,,,9.81767,02.20,12300,1388,0.5076,,0.38008,False,False,
0107022399,банкрот,2022,ProceedingsStopped,1,,12300,,-0.113381,,,True,True,коэффициент_автономии;убыток_2года;ча_отрицательные_2года
0107022688,выжил,,,9.81767,,12300,11133,-1.37079,0.421801,,True,False,коэффициент_автономии;текущая_ликвидность;ча_отрицательные_2года
0107028182,выжил,,,9.81767,86.21,12300,8319,0.951526,,-0.860658,False,False,
0201007609,выжил,,,9.81767,41.20,12300,73573,0.116179,1.13145,-0.512572,False,False,
0229005993,выжил,,,9.81767,68.32.2,20701,,,,,,False,
0234009168,выжил,,,9.81767,49.41,12300,8605,0.0744875,1.02037,,False,False,коэффициент_автономии
0242008859,выжил,,,9.81767,47.25,12165,11644,0.860256,,0.115668,False,False,
0245965447,выжил,,,9.81767,71.20.5,12300,98,-24.3333,,,,False,коэффициент_автономии
0247003950,выжил,,,9.81767,03.22.3,12300,630,0.966916,22.876,0.625891,False,False,падение_выручки
0251007241,выжил,,,9.81767,03.22,15300,,,,,False,,
0256024459,выжил,,,9.81767,46.75,12300,,0.0775888,,,False,True,коэффициент_автономии;убыток_2года
0258950832,выжил,,,9.81767,71.12.7,12300,99,0,,0.764286,False,False,коэффициент_автономии;падение_выручки
0259012927,выжил,,,9.81767,79.11,12300,318,1,,-10.7778,False,False,
0261045528,выжил,,,9.81767,93.19,12300,,1,,,False,,
0264050597,выжил,,,9.81767,69.10,12300,246,0.632818,,-0.00819672,False,True,убыток_2года
0264069982,выжил,,,9.81767,,12300,6706,0.250564,,-0.381826,False,False,
0265024448,выжил,,,9.81767,42.21,12300,0,,,,False,,
0265030635,выжил,,,9.81767,,12300,2091,1,,-11.3,False,False,
0265037630,выжил,,,9.81767,47.25,12300,6368,0.909213,11.0148,0.307073,False,False,
0265049548,выжил,,,9.81767,95.12,12300,284,0.183007,,,False,False,
0265051297,выжил,,,9.81767,69.10,12300,240,1,,,False,False,
0266028639,выжил,,,9.81767,,12300,23474,0.984422,,-0.0947673,False,False,
0266034216,выжил,,,9.81767,46.71,12300,350589,0.00280051,1.00281,0.533688,False,False,коэффициент_автономии;падение_выручки
0266051268,банкрот,2023,Watching,1,,12300,676565,0.0675236,0.97331,0.0894207,False,False,коэффициент_автономии;текущая_ликвидность
0268049987,выжил,,,9.81767,,12300,7988,0.951551,20.6401,0.28049,False,False,
0268073108,выжил,,,9.81767,43.29,12300,398,0.122502,,0.824901,False,False,падение_выручки
0268093841,выжил,,,9.81767,,12300,500,0.56391,7.38889,,False,False,
0270020008,выжил,,,9.81767,79.11,12165,5298,0.71042,,-0.518487,False,False,
0270020311,выжил,,,9.81767,69.20,12165,606,0.0851064,,0.184388,False,False,коэффициент_автономии
0272020162,выжил,,,9.81767,68.32.2,12300,11811,0.427231,,-0.196172,False,False,
0272023903,банкрот,2023,Tender,1,68.10.21,13000,1700,2.79054e-05,1.01623,0.925219,False,False,коэффициент_автономии;падение_выручки
0272914530,выжил,,,9.81767,41.20,12300,,,,,False,,
0273003723,выжил,,,9.81767,68.20.2,12300,305,0.999447,1673.78,0.632972,False,False,падение_выручки
0273032844,выжил,,,9.81767,46.75.2,12300,91115,0.6989,,-1.22819,False,False,
0273055062,выжил,,,9.81767,49.4,12165,8339,0.208159,0.854215,0.738047,False,False,падение_выручки;текущая_ликвидность
0273076640,выжил,,,9.81767,47.2,12165,4593,0.173584,1.20306,-2.47955,False,False,
0273084465,выжил,,,9.81767,,12300,146824,0.535652,2.15356,-0.570562,False,False,
0273911637,выжил,,,9.81767,41.20,12300,18497,0.320194,1.47101,-0.974066,False,False,
0273912454,выжил,,,9.81767,30.12,12300,69031,0.518329,2.003,-0.151169,False,False,
0273943491,выжил,,,9.81767,41.20,12300,5674,0.0584399,,,,False,коэффициент_автономии
0274072293,выжил,,,9.81767,46.66,12300,517,0.208974,,0.343075,False,False,
0274908080,выжил,,,9.81767,80.10,12300,,1,,,False,False,
0274925505,выжил,,,9.81767,46.38.2,12300,52034,0.0277684,,-0.375906,False,False,коэффициент_автономии
0274932742,выжил,,,9.81767,49.41,19000,,,0,,True,,текущая_ликвидность;ча_отрицательные_2года
0274962842,выжил,,,9.81767,56.10,12300,4723,-0.81071,0.55227,,False,False,коэффициент_автономии;текущая_ликвидность
0274970096,выжил,,,9.81767,,12300,,1,,,,,
0275076935,выжил,,,9.81767,62.02,12300,8371,0.0412777,,0.133706,False,False,коэффициент_автономии
0275902035,выжил,,,9.81767,95.12,12300,19054,0.728916,3.68889,0.00682825,False,False,
0275912682,выжил,,,9.81767,70.22,12300,57354,0.857407,7.01295,-11.3741,False,False,
0276003577,выжил,,,9.81767,41.20,12300,11144,0.10594,1.118,0.6243,False,False,падение_выручки
0276059530,выжил,,,9.81767,46.75.2,12300,18227,0.608264,1.39241,-0.0665301,False,False,
0276097166,выжил,,,9.81767,43.91,12300,,1,,,False,,
0276133128,выжил,,,9.81767,,12300,7808,0.0127893,,-0.833725,False,False,коэффициент_автономии
0276141295,выжил,,,9.81767,,12300,75527,0.763224,,-0.15713,False,False,
0276918856,выжил,,,9.81767,,12300,107114,0.0389877,1.28387,-0.542296,False,False,коэффициент_автономии
0276924360,выжил,,,9.81767,69.10,12300,,0.750611,,,False,,
0276944817,банкрот,2022,ProceedingsFinished,1,47.11,12300,0,-0.400657,0.098686,1,True,True,коэффициент_автономии;падение_выручки;текущая_ликвидность;убыток_2года;ча_отрицательные_2года
0276961040,выжил,,,9.81767,43.29,12300,5665,0.0940834,1.10445,,False,False,коэффициент_автономии
0277081360,выжил,,,9.81767,,12165,1.8275e+06,0.383072,1.61325,-0.616817,False,False,
0277125634,выжил,,,9.81767,,12100,,1,,,False,False,
0278122202,выжил,,,9.81767,41.20,12300,125002,0.0521376,1.15733,-1.42233,False,False,коэффициент_автономии
0278204840,выжил,,,9.81767,77.32,12300,,-3.46109,7.33236,,True,,коэффициент_автономии;ча_отрицательные_2года
0278905845,выжил,,,9.81767,49.3,12300,4.89151e+06,0.030303,,-4140.83,False,True,коэффициент_автономии;убыток_2года
0278906951,выжил,,,9.81767,85.42.9,71400,12053,0.708308,2.84016,0.0554075,False,False,
0278911510,выжил,,,9.81767,56.10,12300,3464,1,,0.505919,False,False,падение_выручки
0278911616,выжил,,,9.81767,43.91,12165,0,0.950415,,1,False,False,падение_выручки
0278914984,выжил,,,9.81767,47.7,12300,348,0.99847,,0.951261,False,False,падение_выручки
0278938223,выжил,,,9.81767,43.22,12300,84454,0.0234213,1.01403,-0.511048,False,False,коэффициент_автономии
0278942163,выжил,,,9.81767,10.85,12300,187746,0.302774,1.59847,-0.41033,False,False,
0278950630,выжил,,,9.81767,68.20,12300,2872,0.999447,12.3019,-0.221088,False,True,убыток_2года
0278957963,выжил,,,9.81767,47.19.2,20100,,,,,,,
0278992407,выжил,,,9.81767,88.10,71400,,,,,,,
0309005188,выжил,,,9.81767,85.21,75201,30143,,1.17068,0.0803332,,False,
0312009584,банкрот,2023,Tender,1,,12300,0,-0.00703993,,1,True,True,коэффициент_автономии;падение_выручки;убыток_2года;ча_отрицательные_2года
0315990182,выжил,,,9.81767,,12300,,,,,,,
0323363883,выжил,,,9.81767,,12300,6895,1,,0.0396936,False,False,
0323373049,выжил,,,9.81767,16.10,12300,,1,,,False,,
0323402532,выжил,,,9.81767,42.11,12300,7350,1,,0.0289338,False,False,
0323409601,выжил,,,9.81767,49.41,12300,44541,0.0871065,,-0.6493,False,False,коэффициент_автономии
0323414418,выжил,,,9.81767,85.11,75500,450,,,,,False,
0326009506,выжил,,,9.81767,95.11,12300,,1,,,False,,
0326044444,выжил,,,9.81767,68.20.2,12300,22979,-0.126668,,-0.611092,True,False,коэффициент_автономии;ча_отрицательные_2года
0326497412,выжил,,,9.81767,56.10,12300,3167,0.833333,,-0.242448,False,False,
0326505906,выжил,,,9.81767,,12300,,1,,,False,,
0326507580,выжил,,,9.81767,08.99.31,12300,,1,,,False,,
0326508015,выжил,,,9.81767,45.3,60000,,1,,,False,,
0326553635,выжил,,,9.81767,46.77,12300,7641,0.88345,8.58,-0.0404412,False,False,
0326569515,выжил,,,9.81767,73.20,12300,35,1,,0.125,False,False,
0326572797,выжил,,,9.81767,71.12,12300,13989,0.284592,,-1.36981,False,False,
0326596004,выжил,,,9.81767,73.20,12300,57,1,,,,False,
0400018443,выжил,,,9.81767,94.99,20200,,,,,False,,
0411154776,выжил,,,9.81767,80.10,12300,11236,1,,-0.442177,False,False,
0504007206,выжил,,,9.81767,01.4,14100,726,1,,0.129496,False,False,
0511004647,выжил,,,9.81767,52.21.22,12200,25712,0.717899,3.06998,-0.0774388,False,False,
0522019860,банкрот,2023,ProceedingsStopped,1,46.73.6,12300,,-5.74691,0.074108,,True,True,коэффициент_автономии;текущая_ликвидность;убыток_2года;ча_отрицательные_2года
0529909196,выжил,,,9.81767,01.5,14100,1031,0.692424,1.1538,,False,False,
0529909252,выжил,,,9.81767,01.5,14000,520,1,,,False,False,
0533018361,выжил,,,9.81767,42.11,12300,2772,,,,,False,
0543011799,выжил,,,9.81767,86.23,12300,626,1,,-0.343348,False,False,
0544013510,выжил,,,9.81767,,12300,4531,0.0119136,1.01608,,False,False,коэффициент_автономии
0546018150,выжил,,,9.81767,11.07.2,65,3970,-0.115416,,-0.103084,True,True,коэффициент_автономии;убыток_2года;ча_отрицательные_2года
0562076880,выжил,,,9.81767,68.32,12165,1409,0.138829,,-0.41041,False,False,
0571016870,выжил,,,9.81767,35.11.4,12300,,,,,False,,
0572013649,выжил,,,9.81767,56.10,12300,1346,0.579495,,,,False,
0572027578,выжил,,,9.81767,41.20,20102,,,,,False,,
0573007430,выжил,,,9.81767,46.37,12300,104752,0.344202,1.52828,-9521.91,False,False,
0573011637,выжил,,,9.81767,46.71,12300,207319,0.0542764,1.3482,-0.616976,False,False,коэффициент_автономии
0603020279,выжил,,,9.81767,01.25.1,12300,689889,0.127053,10.703,0.583362,False,False,падение_выручки
0603020783,выжил,,,9.81767,13.92,12300,20112,1,,-1.11951,False,False,
0606006963,выжил,,,9.81767,11.07,12300,,,,,False,,
0705007750,выжил,,,9.81767,56.10,12165,3506,0.555556,2.25,-1.92167,False,False,
0707012787,выжил,,,9.81767,,12300,1118,0.998418,,0.763586,False,False,падение_выручки
0708012613,выжил,,,9.81767,,20112,10719,1,,0.254123,False,False,
0716009678,выжил,,,9.81767,01.1,19000,,-0.286279,8.03345,,True,True,коэффициент_автономии;убыток_2года;ча_отрицательные_2года
0724000559,выжил,,,9.81767,47.11,12300,844547,0.332669,,,False,False,
0725027345,выжил,,,9.81767,14.14,12300,226,1.49074,2.63415,0.78122,False,False,падение_выручки
0726011098,выжил,,,9.81767,68.31,12300,,-9.20112,,,True,False,коэффициент_автономии;ча_отрицательные_2года
0726021723,выжил,,,9.81767,86.23,12300,0,1,,,False,False,
0814155490,выжил,,,9.81767,46.49.33,12300,21354,0.629968,,-1.33021,False,False,
0814162755,выжил,,,9.81767,31.0,12300,17414,0.939903,,-0.384041,False,False,
0816034043,выжил,,,9.81767,71.12.1,12300,6991,0.691814,3.24479,-0.127763,False,False,
0901046515,выжил,,,9.81767,49.41.2,12300,3857,0.993853,25.1875,0.734914,False,False,падение_выручки
0912004556,выжил,,,9.81767,79.11,12300,,-0.334761,,,True,True,коэффициент_автономии;убыток_2года;ча_отрицательные_2года
0917000153,выжил,,,9.81767,43.11,12300,27520,0.897782,,0.439443,False,False,
1001004095,выжил,,,9.81767,20.11,12267,282253,0.863737,4.77837,-1.02359,False,False,
1001012716,выжил,,,9.81767,33.13,12247,10318,0.776276,4.06637,0.20777,False,False,
1001125967,выжил,,,9.81767,23.70,12300,444,0.0363636,,0,False,False,коэффициент_автономии
1001252860,выжил,,,9.81767,72.19,12300,,,,,,,
1001275031,выжил,,,9.81767,68.31,12165,1206,0.60177,2.51111,0.0730208,False,False,
1001290880,выжил,,,9.81767,70.22,12300,1056,1,,0.021316,False,False,
1001312477,выжил,,,9.81767,23.70.2,10000,6869,0.00538503,,-0.0598673,False,False,коэффициент_автономии
1001332850,выжил,,,9.81767,20.59,12300,14591,0.373133,,-1.28448,False,False,
1001336870,выжил,,,9.81767,47.73,12300,22730,-0.419131,0.670226,0.617069,False,False,коэффициент_автономии;падение_выручки;текущая_ликвидность
1003005626,выжил,,,9.81767,56.29,12300,4803,0.831214,,-0.223694,False,False,
1007018070,выжил,,,9.81767,,12300,34468,0.676991,,0.0202388,False,False,
1007027324,выжил,,,9.81767,,12300,12108,0.814172,,-0.244911,False,False,
1012000110,выжил,,,9.81767,47.73,65243,26604,0.470304,1.8031,-0.118614,False,False,
1014016933,выжил,,,9.81767,36.00,65243,50572,0.925729,,-0.0519616,False,False,
1101051363,выжил,,,9.81767,46.46,12300,1906,0.985757,,0.908105,False,False,падение_выручки
1101140768,банкрот,2023,ProceedingsStopped,1,,12300,31112,0.00141243,,-1.66621,False,False,коэффициент_автономии
1101159857,выжил,,,9.81767,80.10,12300,,1,,,False,,
1101162948,выжил,,,9.81767,94.20,20202,,,,,,,
1102040364,выжил,,,9.81767,68.32.1,12300,51155,0.900502,,0.006178,False,False,
1102074557,выжил,,,9.81767,41.20,12300,,-0.380952,0.724138,,True,,коэффициент_автономии;текущая_ликвидность;ча_отрицательные_2года
1102081177,выжил,,,9.81767,,12300,39345,0.0802821,,-1.77214,False,False,коэффициент_автономии
1103039690,выжил,,,9.81767,68.31.12,12300,1781,0.751305,,0.0341649,False,False,
1109007711,выжил,,,9.81767,84.11.35,75404,,,,,False,,
1121017709,выжил,,,9.81767,47.1,12300,10088,0.868526,7.60606,0.107888,False,False,
1202005500,выжил,,,9.81767,85.14,75403,,,,,,False,
1203006031,выжил,,,9.81767,59.14,12300,29660,0.943714,,-0.639761,False,False,
1207901878,выжил,,,9.81767,47.25,12300,9977,0.965941,26.7222,0.0477236,False,False,
1208006980,банкрот,2022,ProceedingsStopped,1,36.00.1,12300,26503,-4.32667,0.180751,-0.102684,True,True,коэффициент_автономии;текущая_ликвидность;убыток_2года;ча_отрицательные_2года
1215030783,выжил,,,9.81767,94.12,20200,,0,1,,False,,коэффициент_автономии
1215160165,выжил,,,9.81767,81.22,12300,79478,0.047231,0.805841,0.0955974,False,False,коэффициент_автономии;текущая_ликвидность
1215225670,выжил,,,9.81767,,12300,16485,-0.28558,,-1.7678,True,True,коэффициент_автономии;убыток_2года;ча_отрицательные_2года
1215233511,выжил,,,9.81767,43.21,12300,546,0.272727,,-59.6667,False,False,
1216008029,выжил,,,9.81767,79.11,12300,0,-1.47601,,1,True,False,коэффициент_автономии;падение_выручки;ча_отрицательные_2года
1303000107,выжил,,,9.81767,,20112,301,1,,0.0227273,False,,
1304000364,выжил,,,9.81767,,20200,,,,,False,,
1311088803,выжил,,,9.81767,46.69.5,12300,371783,0.807077,,-0.331253,False,False,
1320001252,выжил,,,9.81767,46.90,12300,0,1,,1,False,False,падение_выручки
1322001635,выжил,,,9.81767,45.31,12300,536,0.0423729,,-0.240741,False,False,коэффициент_автономии
1326183665,выжил,,,9.81767,71.12,12300,747,0.151932,0.000785752,-0.0671429,False,False,текущая_ликвидность
1326204562,выжил,,,9.81767,68.32,20716,,,,,,,
1326228972,выжил,,,9.81767,68.20,12300,262,0.979,,-0.29064,False,False,
1326248337,выжил,,,9.81767,46.73,12300,2804,0.0333722,1.03452,-5.72422,False,False,коэффициент_автономии
1326248376,выжил,,,9.81767,77.11,12300,0,-41,,1,True,False,коэффициент_автономии;падение_выручки;ча_отрицательные_2года
1327002022,выжил,,,9.81767,46.90,12300,969864,0.776349,22.037,-0.11458,False,False,
1327009853,выжил,,,9.81767,77.32,19000,5301,1,,-0.178,False,False,
1327033863,банкрот,2023,Tender,1,46.31,12300,221786,0.100255,1.24835,-0.189641,False,False,
1327153261,выжил,,,9.81767,94.20,20202,,,,,,,
1402025374,выжил,,,9.81767,94.99,20200,,,,,,,
1415010738,выжил,,,9.81767,46.31,20110,0,0.783117,0.159557,1,False,False,падение_выручки;текущая_ликвидность
1415014771,выжил,,,9.81767,41.20,12300,,1,,,,,
1430009399,выжил,,,9.81767,,20111,,1,,,False,,
1433026018,выжил,,,9.81767,52.21,20101,,,,,,,
1433030529,выжил,,,9.81767,94.99,20200,722,,,0.178612,,False,
1434038320,выжил,,,9.81767,72.19,12300,267,-1.67111,,0.183486,True,True,коэффициент_автономии;убыток_2года;ча_отрицательные_2года
1435233468,выжил,,,9.81767,43.99.3,12300,225645,0.0579328,,-2.99973,False,False,коэффициент_автономии
1435281863,выжил,,,9.81767,47.73,12300,,,,,False,,
1435292008,выжил,,,9.81767,62.09,12300,,,,,False,False,
1435295496,выжил,,,9.81767,71.12.8,12300,39663,0.779445,,-0.154941,False,False,
1435303820,выжил,,,9.81767,47.21,20110,0,,,1,False,False,падение_выручки
1435313071,выжил,,,9.81767,47.41,12300,2031,0.0301205,,-0.198937,False,False,коэффициент_автономии
1435328261,выжил,,,9.81767,94.12,20200,,0,1,,False,False,коэффициент_автономии
1435333409,выжил,,,9.81767,38.11,12300,8140,0.291328,3.41272,-0.404175,False,True,убыток_2года
1435342971,выжил,,,9.81767,68.32,12300,3700,0.00868987,,0.0726817,False,True,коэффициент_автономии;убыток_2года
1435347377,выжил,,,9.81767,42.22,12300,4788,0.955224,,-1.07004,False,False,
1435355233,выжил,,,9.81767,68.31,12300,48263,0.564186,,0.251968,False,False,
1435356269,выжил,,,9.81767,08.12.1,12300,,,,,False,,
1435357150,выжил,,,9.81767,88.99,70400,,,,,False,,
1512018193,выжил,,,9.81767,22.23,12300,39896,0.210378,,0.329671,False,False,
1513035434,выжил,,,9.81767,10.72.39,12300,0,1,,,False,False,
1513062614,выжил,,,9.81767,94.99,20200,,,,,,,
1513071986,выжил,,,9.81767,64.99,70400,,,,,,,
1513072059,банкрот,2024,Tender,1,10.62,12300,0,0.780627,,,False,False,
1514014363,банкрот,2023,Tender,1,36.00.2,65243,,,,,,,
1515915402,выжил,,,9.81767,52.10,12165,6994,0.213397,0.791151,0.740925,False,False,падение_выручки;текущая_ликвидность
1614014159,выжил,,,9.81767,41.20,12300,0,-0.165517,,1,True,False,коэффициент_автономии;падение_выручки;ча_отрицательные_2года
1616021049,выжил,,,9.81767,23.32,12300,934929,0.818407,1.7592,-0.377799,False,False,
1616027280,выжил,,,9.81767,46.46,12300,104201,0.771369,,-0.931759,False,False,
1623014589,выжил,,,9.81767,,71400,,0,,,,,коэффициент_автономии
1634006251,выжил,,,9.81767,01.11,12300,75345,0.682291,4.61039,0.0971565,False,False,
1639059754,выжил,,,9.81767,49.41,12300,22449,-0.0977221,0.880405,-0.168002,True,True,коэффициент_автономии;текущая_ликвидность;убыток_2года;ча_отрицательные_2года
1639061312,выжил,,,9.81767,49.41,12300,6176,0.0412558,,,,False,коэффициент_автономии
1644021192,выжил,,,9.81767,71.11.1,12300,17461,-0.0819748,0.911947,0.0310749,True,False,коэффициент_автономии;текущая_ликвидность;ча_отрицательные_2года
1644033060,выжил,,,9.81767,01.25.1,20702,,,,,,,
1644059647,выжил,,,9.81767,,12300,2699,0.990205,,-0.249537,False,False,
1644066556,выжил,,,9.81767,41.20,12300,4733,0.0905598,,0.498623,False,False,коэффициент_автономии
1644093197,банкрот,2024,Tender,1,42.11,12300,52889,0.0245024,1.06993,-2.2702,False,False,коэффициент_автономии
1644097561,выжил,,,9.81767,68.31,12300,5008,0.809871,9.00505,,False,False,
1645007049,выжил,,,9.81767,10.71,19000,557,1,,0.247297,False,False,
1645025866,банкрот,2022,ProceedingsStopped,1,52.29,12300,63665,0.673937,5.47285,-0.59266,False,False,
1645034074,выжил,,,9.81767,33.12,12300,3125,0.0202805,,0.112216,False,False,коэффициент_автономии
1646016800,выжил,,,9.81767,20.11,12300,119971,0.016289,1.09265,-0.82028,False,False,коэффициент_автономии
1646021423,выжил,,,9.81767,46.1,12300,3743,0.205035,1.36543,0.382547,False,False,
1648024130,выжил,,,9.81767,79.1,12300,,1,,,False,,
1648037115,выжил,,,9.81767,50.30.2,12300,13250,0.920608,0.409201,0.533155,False,True,падение_выручки;текущая_ликвидность;убыток_2года
1648047120,выжил,,,9.81767,25.11,12300,47341,0.144968,1.22398,-1.77611,False,False,
1648049086,выжил,,,9.81767,45.20,12300,17727,0.71753,,-0.260363,False,False,
1650057782,выжил,,,9.81767,60.10,12300,1752,0.492126,1.37209,-0.221757,False,False,
1650151400,выжил,,,9.81767,46.69.3,12300,653277,0.193127,1.23935,-0.38339,False,False,
1650181998,выжил,,,9.81767,,12300,30281,0.0305871,,-0.39364,False,False,коэффициент_автономии
1650230620,выжил,,,9.81767,52.21.24,12300,144,0.888889,,0.0828025,False,False,
1650231751,выжил,,,9.81767,46.69.2,12300,2476,-0.588536,,,,False,коэффициент_автономии
1650277227,выжил,,,9.81767,69.20.2,12300,6460,0.405719,,0.803319,False,True,падение_выручки;убыток_2года
1650293211,выжил,,,9.81767,69.20,12300,1200,0.89586,,0.401496,False,False,
1650316772,выжил,,,9.81767,46.63,12300,11880,-0.0272727,,,True,True,коэффициент_автономии;убыток_2года;ча_отрицательные_2года
1650343007,выжил,,,9.81767,43.22,12300,65594,0.148233,1.12552,0.218235,False,False,
1650357200,выжил,,,9.81767,63.91,12300,6192,-1.48702,,0.0650762,True,True,коэффициент_автономии;убыток_2года;ча_отрицательные_2года
1650357553,выжил,,,9.81767,,12300,,1,,,False,,
1650367350,выжил,,,9.81767,46.43,12300,,1,,,False,,
1650371484,выжил,,,9.81767,45.31.1,12300,61857,0.227309,,-1.3476,False,False,
1650377310,выжил,,,9.81767,25.11,12300,111456,0.0589815,,-1.03083,False,False,коэффициент_автономии
1650395164,выжил,,,9.81767,,12300,1524,0.157895,1.1875,,False,False,
1651032131,банкрот,2024,Watching,1,43.99.5,12267,1.41188e+06,0.422052,1.41756,-1.43636,False,False,
1652027832,выжил,,,9.81767,47.73,12300,,1,,,False,,
1655056782,выжил,,,9.81767,68.32.2,12300,19103,0.914624,7.78754,-1.70122,False,False,
1655163470,выжил,,,9.81767,64.19,12300,5208,0.0500595,,0.270997,False,False,коэффициент_автономии
1655182963,выжил,,,9.81767,01.1,12300,,,,,,,
1655199300,выжил,,,9.81767,,12300,1783,-0.426295,0.701117,-1.35224,True,False,коэффициент_автономии;текущая_ликвидность;ча_отрицательные_2года
1655287356,выжил,,,9.81767,71.20.9,12300,37504,-0.0633014,1.04185,-3.72283,True,False,коэффициент_автономии;ча_отрицательные_2года
1655304925,выжил,,,9.81767,63.11.1,12300,33230,0.455197,,0.0365882,False,False,
1655417510,выжил,,,9.81767,46.41,12300,3131,0.00148456,1.00149,0.352965,False,,коэффициент_автономии
1655429547,выжил,,,9.81767,43.11,12300,23673,-0.0992665,,0.635665,True,True,коэффициент_автономии;падение_выручки;убыток_2года;ча_отрицательные_2года
1655456220,выжил,,,9.81767,73.11,12300,11146,0.00817996,,,,False,коэффициент_автономии
1655461195,выжил,,,9.81767,43.29,12300,15778,,,,,False,
1656087582,выжил,,,9.81767,68.31,12300,,0.0800971,,,False,,коэффициент_автономии
1656119347,выжил,,,9.81767,86.23,12300,2682,0.484515,,,,False,
1657024909,выжил,,,9.81767,,12300,291324,0.288926,0.779496,-0.276762,False,False,текущая_ликвидность
1657117590,выжил,,,9.81767,,12300,312,0.916667,,0.22963,False,False,
1657141240,выжил,,,9.81767,46.90,12300,,0.199966,,,False,,
1657261145,выжил,,,9.81767,63.99.1,12300,,1,,,False,,
1657262565,выжил,,,9.81767,46.73.2,12300,13555,0.0354468,1.03675,-6.95481,False,False,коэффициент_автономии
1657271513,выжил,,,9.81767,47.19,12300,1708,0.00970874,,,,False,коэффициент_автономии
1658045637,выжил,,,9.81767,,12267,174,0.0676501,1.43182,,False,True,коэффициент_автономии;убыток_2года
1658235476,выжил,,,9.81767,46.73.6,12300,,,,,,,
1659015434,выжил,,,9.81767,68.32.1,20100,,,2.70647,,,,
1659036522,выжил,,,9.81767,,20202,,0,1,,False,,коэффициент_автономии
1659051986,банкрот,2023,ProceedingsStopped,1,49.31.21,12300,5090,0.87144,,0.742161,False,True,падение_выручки;убыток_2года
1659141887,выжил,,,9.81767,46.72.2,12300,,-0.142045,,,True,True,коэффициент_автономии;убыток_2года;ча_отрицательные_2года
1659144550,выжил,,,9.81767,79.11,12300,419,0.697917,3.31034,-0.029484,False,False,
1659162446,выжил,,,9.81767,46.73,12300,349,0.0628571,1.06707,-1.07738,False,False,коэффициент_автономии
1659171391,выжил,,,9.81767,46.36,12300,0,1,,1,False,False,падение_выручки
1659171634,выжил,,,9.81767,46.38.29,12300,,0.906955,10.7474,,False,,
1659181826,банкрот,2023,ProceedingsStopped,1,41.20,12300,876082,0.0308608,1.03529,-0.0162787,False,False,коэффициент_автономии
1660124163,банкрот,2024,ProceedingsFinished,1,41.20,12300,954377,0.0424354,1.29971,-0.149482,False,False,коэффициент_автономии
1660143060,выжил,,,9.81767,86.23,12300,0,-0.508658,0.670819,1,True,False,коэффициент_автономии;падение_выручки;текущая_ликвидность;ча_отрицательные_2года
1660259717,выжил,,,9.81767,35.30.14,12300,38412,0.0638248,,-0.639857,False,False,коэффициент_автономии
1660263946,выжил,,,9.81767,47.9,12300,16393,0.995231,,-0.490815,False,False,
1660295232,выжил,,,9.81767,78.10,12300,17753,-0.1046,0.910958,-1.0317,True,False,коэффициент_автономии;текущая_ликвидность;ча_отрицательные_2года
1660308530,банкрот,2022,ProceedingsStopped,1,45.20,12300,34359,-0.0675492,,-4.78532,False,False,коэффициент_автономии
1660310064,выжил,,,9.81767,41.20,12300,4653,0.00904202,,-29.8146,False,False,коэффициент_автономии
1660335460,выжил,,,9.81767,23.20.1,12300,55,0.0362395,,0.988794,False,False,коэффициент_автономии;падение_выручки
1660346367,выжил,,,9.81767,,19000,47307,0.865351,7.42672,-4.09499,False,False,
1661045517,выжил,,,9.81767,01.62,12300,0,0,1,1,False,False,коэффициент_автономии;падение_выручки
1661050475,выжил,,,9.81767,,12300,28284,0.51772,,0.077856,False,False,
1661060219,выжил,,,9.81767,73.11,12300,107946,0.678992,,-99.4149,False,False,
1661062880,выжил,,,9.81767,49.41,12300,862,-0.983562,0.577532,0.451654,True,False,коэффициент_автономии;текущая_ликвидность;ча_отрицательные_2года
1661063065,выжил,,,9.81767,41.20,12300,13362,0.0226537,,0.0775922,False,False,коэффициент_автономии
1661070270,выжил,,,9.81767,49.42,12300,2760,0.0261409,,,,False,коэффициент_автономии
1803002776,выжил,,,9.81767,94.20,20202,,,,,,,
1805001016,выжил,,,9.81767,,12267,430877,0.728177,3.24629,-0.208021,False,False,
1808205120,выжил,,,9.81767,41.20,12300,,0.677661,3.08423,,False,False,
1809004635,выжил,,,9.81767,94.1,20606,,,,,False,,
1821015866,выжил,,,9.81767,68.32.1,20700,,,,,,,
1823002439,выжил,,,9.81767,84.11.35,20603,,,,,False,,
1827017394,выжил,,,9.81767,68.32.1,20716,,0.205864,1.25923,,False,False,
1828018626,выжил,,,9.81767,68.20.2,12300,1796,0.0369302,22.2353,-0.270156,False,False,коэффициент_автономии
1829008606,выжил,,,9.81767,68.32.2,20702,,,,,,,
1831102204,выжил,,,9.81767,47.30,12300,,1,,,False,,
1831172392,выжил,,,9.81767,95.12,12300,0,1,,1,False,False,падение_выручки
1831174015,выжил,,,9.81767,91.01,12300,1516,0.535325,2.10949,0.112932,False,False,
1831183997,выжил,,,9.81767,49.41,12300,71038,0.306029,1.28358,-0.313864,False,False,
1832021131,выжил,,,9.81767,52.21.24,20101,,,1,,,False,
1832039918,выжил,,,9.81767,25.50,12300,28233,-0.00309333,,-0.444143,False,False,коэффициент_автономии
1832051030,выжил,,,9.81767,46.90,12300,24773,0.146611,,-0.379036,False,False,
1832077430,выжил,,,9.81767,46.46,12300,5442,0.686018,3.1849,-4.04824,False,False,
1832119994,выжил,,,9.81767,25.50,12300,,1,,,False,,
1832130250,выжил,,,9.81767,20.30,12300,4629,-0.0132095,,-0.254472,True,False,коэффициент_автономии;ча_отрицательные_2года
1832999001,выжил,,,9.81767,85.23,75500,6404,,7.74143,0.0622346,,False,
1834031696,выжил,,,9.81767,47.41,12300,,-31.9605,,,True,,коэффициент_автономии;ча_отрицательные_2года
1835035975,выжил,,,9.81767,46.73.4,12300,597,-0.740297,0.366712,0.142241,True,True,коэффициент_автономии;текущая_ликвидность;убыток_2года;ча_отрицательные_2года
1838018625,выжил,,,9.81767,45.32,12300,8885,0.0820973,43.9174,-0.111042,False,False,коэффициент_автономии
1838019210,выжил,,,9.81767,72.19,12300,0,-0.633523,,,True,True,коэффициент_автономии;убыток_2года;ча_отрицательные_2года
1838022614,выжил,,,9.81767,47.65,12300,,1,,,False,,
1839002120,выжил,,,9.81767,86.23,12300,39557,0.608841,2.29779,-0.145318,False,False,
1839011647,выжил,,,9.81767,47.11,12300,107919,0.457886,,,False,False,
1840039527,выжил,,,9.81767,77.39,12300,366,-0.399625,,-0.0517241,True,True,коэффициент_автономии;убыток_2года;ча_отрицательные_2года
1840053440,выжил,,,9.81767,78.30,12300,5926,0.263697,1.35814,-0.350809,False,False,
1840058135,выжил,,,9.81767,52.29,12300,28,0.618182,2.61905,0.869159,False,True,падение_выручки;убыток_2года
1840068817,выжил,,,9.81767,46.90,12300,19628,0.130732,,-0.123719,False,False,
1840074296,выжил,,,9.81767,46.19,12300,1829,0.0229068,1.02344,,False,False,коэффициент_автономии
1840082160,выжил,,,9.81767,47.59,12300,,0.0848344,,,False,,коэффициент_автономии
1840086100,выжил,,,9.81767,49.41,12300,0,,0,,True,False,текущая_ликвидность;ча_отрицательные_2года
1840089581,выжил,,,9.81767,25.11,12300,107468,0.00406484,0.978809,-1.47828,False,False,коэффициент_автономии;текущая_ликвидность
1841081225,выжил,,,9.81767,,12267,26358,0.0107456,0.97981,0.159395,False,False,коэффициент_автономии;текущая_ликвидность
1901129410,выжил,,,9.81767,68.20.2,12300,3592,-0.204272,0.213721,-1.52247,True,True,коэффициент_автономии;текущая_ликвидность;убыток_2года;ча_отрицательные_2года
1902026440,выжил,,,9.81767,68.32.1,12300,14993,-0.0243015,,-0.171786,True,False,коэффициент_автономии;ча_отрицательные_2года
1905012124,выжил,,,9.81767,41.20,20107,,,,,False,,
2005000093,выжил,,,9.81767,08.12,12300,0,1,,1,False,False,падение_выручки
2006001886,выжил,,,9.81767,01.25.1,12300,16146,-0.0168908,0.067846,0.602775,False,False,коэффициент_автономии;падение_выручки;текущая_ликвидность
2010008186,выжил,,,9.81767,42.21,12300,,,,,,,
2015003745,выжил,,,9.81767,41.20,12300,0,,,,False,False,
2016004212,выжил,,,9.81767,90.01,12300,,1,,,,,
2108002470,выжил,,,9.81767,,12300,55241,0.929434,11.3716,-0.0495108,False,False,
2112004776,банкрот,2023,Tender,1,41.20,12300,30159,0.00687918,,-56.1193,False,False,коэффициент_автономии
2119901503,выжил,,,9.81767,71.11.1,12300,1320,0.205263,1.25828,-0.723238,False,False,
2123013236,выжил,,,9.81767,25.12,12300,3059,1,,0.0633803,False,False,
2127316104,выжил,,,9.81767,47.9,12300,726,0.125,,-1.18675,,False,
2127318327,выжил,,,9.81767,96.02,12300,236,-1.12899,,-0.00854701,True,True,коэффициент_автономии;убыток_2года;ча_отрицательные_2года
2127325846,выжил,,,9.81767,79.12,12300,3546,0.10829,0.0955356,-1.07611,False,True,текущая_ликвидность;убыток_2года
2128005800,выжил,,,9.81767,,12267,239147,0.816191,5.13486,-0.245849,False,False,
2128056963,выжил,,,9.81767,61.10,12300,33735,0.635707,2.31688,-0.0830551,False,False,
2129003227,выжил,,,9.81767,46.75.1,12267,,0.855377,5.61019,,False,True,убыток_2года
2130020940,выжил,,,9.81767,25.62,12300,,0.0107875,1.01091,,False,,коэффициент_автономии
2130043922,выжил,,,9.81767,43.2,12300,15968,0.00272183,1.00273,0.0465158,False,False,коэффициент_автономии
2130079365,выжил,,,9.81767,46.49,12300,26325,0.262287,1.35565,-0.35878,False,False,
2130114588,выжил,,,9.81767,45.20,12300,313,1,,,False,,
2130131030,выжил,,,9.81767,46.63,12300,6238,0.20229,,-0.0854359,False,False,
2130161757,выжил,,,9.81767,,12300,7397,-0.810852,,-0.0776515,True,False,коэффициент_автономии;ча_отрицательные_2года
2130164966,выжил,,,9.81767,41.20,12300,0,0.195997,,1,False,False,падение_выручки
2130174731,выжил,,,9.81767,46.43.1,12300,0,0.260304,1.39275,1,False,False,падение_выручки
2130185170,выжил,,,9.81767,46.75,12300,,0.130952,1.15068,,False,,
2130201336,выжил,,,9.81767,94.99,20200,,,,,,,
2130213691,выжил,,,9.81767,86.23,12300,5245,-0.0895372,,,True,True,коэффициент_автономии;убыток_2года;ча_отрицательные_2года
2130216533,выжил,,,9.81767,47.59.1,12300,452,0.0151976,1.01543,-1.69048,False,,коэффициент_автономии
2130228377,выжил,,,9.81767,33.12,19000,,-0.285186,0.778097,,False,,коэффициент_автономии;текущая_ликвидность
2130996072,выжил,,,9.81767,94.99,71500,,,,,,,
2204018592,выжил,,,9.81767,10.82,12300,2948,,,0.523979,,False,падение_выручки
2204039088,выжил,,,9.81767,46.90,12300,15192,0.4565,,-4.51234,False,False,
2204052057,выжил,,,9.81767,94.99,20200,,,,,,,
2204077870,выжил,,,9.81767,,12300,9024,0.370783,1.04093,0.366515,False,False,
2209008541,выжил,,,9.81767,47.73,12300,114420,-0.478548,0.604781,-0.0402953,True,False,коэффициент_автономии;текущая_ликвидность;ча_отрицательные_2года
2209041877,выжил,,,9.81767,,12300,0,0.25,0,1,False,False,падение_выручки;текущая_ликвидность
2221066130,выжил,,,9.81767,,12300,20369,0.526864,,-0.381699,False,False,
2221243929,выжил,,,9.81767,46.74.2,12300,9277,0.679163,,0.276365,False,False,
2221247401,выжил,,,9.81767,46.46,12300,163509,0.065094,,-57.292,False,False,коэффициент_автономии
2222040054,выжил,,,9.81767,56.10,12300,,0.979078,,,False,True,убыток_2года
2222791124,выжил,,,9.81767,85.12,12300,0,,,1,False,False,падение_выручки
2222821192,выжил,,,9.81767,16.10,12165,,-0.00676054,,,True,,коэффициент_автономии;ча_отрицательные_2года
2222823560,выжил,,,9.81767,96.04,12300,891,0.872255,,-0.0826245,False,False,
2222833134,банкрот,2023,Tender,1,20.42,12300,28140,0.147541,1.17308,0.492836,False,False,
2222845299,выжил,,,9.81767,,12300,29633,0.166188,,-0.572293,False,False,
2222846038,выжил,,,9.81767,,12100,85356,0.806361,,0.123214,False,False,
2222853910,выжил,,,9.81767,,12300,193003,0.515596,2.00439,0.0889725,False,False,
2222864358,выжил,,,9.81767,46.61,12300,122,0.0407035,,0.998411,False,False,коэффициент_автономии;падение_выручки
2222881071,выжил,,,9.81767,43.39,12300,0,1,,1,False,False,падение_выручки
2222886383,выжил,,,9.81767,46.73.3,12300,0,0.015266,1.0155,1,False,False,коэффициент_автономии;падение_выручки
2222894232,выжил,,,9.81767,68.32.1,12300,,,,,,,
2223572326,выжил,,,9.81767,68.20.2,12300,3132,0.584507,1.61882,-0.0162232,False,False,
2223595605,выжил,,,9.81767,95.11,12300,0,1,,,False,,
2223597909,выжил,,,9.81767,68.20.2,12165,1396,0.0264505,,-0.00215363,False,False,коэффициент_автономии
2223621647,выжил,,,9.81767,,12300,83143,0.111453,,-0.505886,False,False,
2223636724,выжил,,,9.81767,62.01,12300,,-1,,,,False,коэффициент_автономии
2224098620,выжил,,,9.81767,94.99,29000,0,,,,,False,
2224202663,выжил,,,9.81767,46.21,12300,551363,0.000135222,,-0.0713442,False,False,коэффициент_автономии
2224208070,выжил,,,9.81767,28.29,12300,,,,,,,
2225089185,выжил,,,9.81767,72.19,75500,306,0.862887,,0.609195,False,False,падение_выручки
2225094643,выжил,,,9.81767,41.20,12300,1101,-30.4444,,0.463712,True,True,коэффициент_автономии;убыток_2года;ча_отрицательные_2года
2225125838,выжил,,,9.81767,,12165,0,-0.0187103,0.981633,,True,False,коэффициент_автономии;текущая_ликвидность;ча_отрицательные_2года
2225151362,банкрот,2023,ProceedingsStopped,1,43.21,12300,45642,0.118709,,0.25016,False,False,
2225166009,выжил,,,9.81767,52.29,12300,,,,,True,False,ча_отрицательные_2года
2225171094,выжил,,,9.81767,46.71.1,12300,3941,1,,0.0105448,,False,
2225219772,выжил,,,9.81767,,12300,9734,0.827609,,,,False,
2225995775,выжил,,,9.81767,94.20,20202,,,,,,,
2245003531,выжил,,,9.81767,,12300,7127,0.690642,166.885,-1.73905,False,False,
2283004825,выжил,,,9.81767,85.42.1,12300,294,0.981752,54.8,0.350993,False,False,
2289002863,выжил,,,9.81767,,12300,45971,-0.768256,,-0.226973,True,True,коэффициент_автономии;убыток_2года;ча_отрицательные_2года
2301097800,выжил,,,9.81767,55.20,12300,1920,-0.547078,0.549695,0.567568,False,False,коэффициент_автономии;падение_выручки;текущая_ликвидность
2302053933,выжил,,,9.81767,,12300,1440,-1.62913,,-0.333333,True,True,коэффициент_автономии;убыток_2года;ча_отрицательные_2года
2302054408,выжил,,,9.81767,95.11,12300,10540,0.886499,,-0.520924,False,False,
2303024445,выжил,,,9.81767,47.11,12300,20099,0.365506,,0.281511,False,False,
2304007080,выжил,,,9.81767,47.52.7,12300,,0.959707,,,False,False,
2304069181,выжил,,,9.81767,43.21,12300,1069,0.792123,,0.0994103,False,True,убыток_2года
2304076100,выжил,,,9.81767,41.20,12300,946,0.486486,1.94737,,False,False,
2308001410,выжил,,,9.81767,58.13.1,12165,2647,0.936022,,0.120013,False,False,
2308044540,выжил,,,9.81767,,20716,18,,,0.4,,False,
2308052742,выжил,,,9.81767,43.29,12300,3497,0.385965,1.62857,0.15674,False,False,
2308089693,выжил,,,9.81767,47.78.3,12165,2852,0.32113,,-0.145842,False,False,
2308112977,выжил,,,9.81767,,12300,86872,0.174186,,-0.338036,False,False,
2308147257,выжил,,,9.81767,62.02,12300,28532,0.688107,,-0.129131,False,False,
2308149840,выжил,,,9.81767,47.1,12300,0,1,,1,False,False,падение_выручки
2308162047,выжил,,,9.81767,46.34.2,12300,,,,,False,,
2308201874,выжил,,,9.81767,69.20,12300,533,,,0.33871,,False,
2308202155,выжил,,,9.81767,46.42.11,12300,7822,0.0043617,1.0032,-0.239227,False,False,коэффициент_автономии
2308216045,выжил,,,9.81767,69.10,12300,1010,0.6979,2.06952,-5.47436,False,False,
2308222592,выжил,,,9.81767,71.20,12300,28345,0.232469,1.27745,-0.9067,False,False,
2308222666,выжил,,,9.81767,28.41,12300,50,0.270096,,0.993023,False,False,падение_выручки
2308239099,выжил,,,9.81767,46.74,12300,0,-2.57692,,1,True,False,коэффициент_автономии;падение_выручки;ча_отрицательные_2года
2308277591,выжил,,,9.81767,43.22,12300,11980,0.23316,1.14481,,False,False,
2309134927,выжил,,,9.81767,43.2,12300,,-296.75,0.00335852,,False,True,коэффициент_автономии;текущая_ликвидность;убыток_2года
2309135504,выжил,,,9.81767,,12300,6745,0.818679,,-0.680787,False,True,убыток_2года
2309157226,выжил,,,9.81767,85.42.9,12300,29996,0.773487,,-0.14362,False,False,
2309175835,выжил,,,9.81767,43.21,12300,25417,0.259829,,,,False,
2310052901,выжил,,,9.81767,73.11,12300,123,0.757785,4.05714,-3.39286,False,False,
2310084396,выжил,,,9.81767,,12300,19248,0.844843,6.4043,0.567159,False,False,падение_выручки
2310105688,выжил,,,9.81767,,12300,178103,0.584358,2.04852,-0.314559,False,False,
2310119169,выжил,,,9.81767,43.21,12300,19094,0.587687,2.39408,-0.298558,False,False,
2310119761,выжил,,,9.81767,46.73,12300,,,,,,,
2310143242,выжил,,,9.81767,46.69.5,12300,198,0.0932602,1.10285,-0.466667,False,False,коэффициент_автономии
2310206118,выжил,,,9.81767,86.21,12300,0,,,,False,False,
2310216652,выжил,,,9.81767,43.29,12300,250145,0.586926,,-0.428111,False,False,
2310226890,выжил,,,9.81767,43.12,12300,,,,,,,
2311044068,выжил,,,9.81767,68.20.2,12300,5750,0.0571429,1.06061,-0.495838,False,False,коэффициент_автономии
2311057973,выжил,,,9.81767,71.40.4,12165,,,,,False,,
2311077786,выжил,,,9.81767,68.20.2,12300,2976,0.278196,,0.633543,False,False,падение_выручки
2311109004,выжил,,,9.81767,,12300,125,-0.26808,0.788594,,True,False,коэффициент_автономии;текущая_ликвидность;ча_отрицательные_2года
2311153525,выжил,,,9.81767,25.11,12300,0,1,,,False,False,
2311160219,выжил,,,9.81767,68.20,12300,36856,0.833946,,0.158616,False,False,
2311206551,выжил,,,9.81767,72.20,71400,,,,,,,
2311233604,выжил,,,9.81767,71.12.45,12300,1989,0.984263,57.4242,0.245734,False,False,
2311246459,банкрот,2024,Tender,1,46.71.2,12300,138650,0.254902,,-1.87054,False,False,
2311260020,выжил,,,9.81767,86.23,12300,27942,0.862732,4.28739,-0.865412,False,False,
2311277440,выжил,,,9.81767,62.01,12300,400,0.892473,9.3,,False,False,
2311279373,выжил,,,9.81767,,12300,30,0.564706,,0.565217,False,False,падение_выручки
2311298288,выжил,,,9.81767,69.20.2,12300,444,-0.711864,0.584158,0.449814,True,False,коэффициент_автономии;текущая_ликвидность;ча_отрицательные_2года
2311313666,выжил,,,9.81767,46.90,12300,156939,0.399607,,,,False,
2311314878,выжил,,,9.81767,71.12.2,12300,,-0.292552,173.767,,False,False,коэффициент_автономии
2312045280,выжил,,,9.81767,68.32.1,20102,0,,,,,False,
2312172922,выжил,,,9.81767,74.90,12300,13009,0.491903,,-0.131709,False,True,убыток_2года
2312199875,выжил,,,9.81767,46.73.6,10000,,-2.85525,1.86909,,True,True,коэффициент_автономии;убыток_2года;ча_отрицательные_2года
2312216834,выжил,,,9.81767,,12165,40768,0.0938939,,-0.317604,False,False,коэффициент_автономии
2312267500,выжил,,,9.81767,46.52,12300,46198,0.0402116,1.04066,0.0414557,False,False,коэффициент_автономии
2312285845,выжил,,,9.81767,86.23,12300,874,-0.144351,,-1.10096,True,True,коэффициент_автономии;убыток_2года;ча_отрицательные_2года
2312288885,выжил,,,9.81767,64.99,70401,0,10,,,False,False,
2312299750,выжил,,,9.81767,16.24,19000,29223,0.242574,,,,False,
2314004024,банкрот,2024,ProceedingsStopped,1,23.61.1,12300,115436,0.220441,1.09652,-1.47626,False,False,
2315058907,выжил,,,9.81767,33.15,12300,11639,0.342043,1.51986,0.134904,False,False,
2315108523,выжил,,,9.81767,52.29,12300,460,1,,0.909998,False,True,падение_выручки;убыток_2года
2315151790,выжил,,,9.81767,46.21.11,12300,8400,0.488422,0.063091,0,False,False,текущая_ликвидность
2315190503,выжил,,,9.81767,01.19.2,12300,0,,,,,False,
2315190623,выжил,,,9.81767,84.25,12300,7023,0.500202,,-0.273436,False,False,
2315209271,выжил,,,9.81767,43.91,12300,385,0.17301,,0.214286,False,False,
2315212651,выжил,,,9.81767,52.10,12300,60,-0.889061,,0.995082,True,True,коэффициент_автономии;падение_выручки;убыток_2года;ча_отрицательные_2года
2315989222,выжил,,,9.81767,49.41,12300,53230,0.192414,0.807481,-0.106193,False,False,текущая_ликвидность
2315993571,выжил,,,9.81767,49.41,10000,0,0.972658,36.5741,1,False,False,падение_выручки
2317055860,выжил,,,9.81767,47.43,12300,2081,,,-0.876465,,False,
2317079691,выжил,,,9.81767,41.20,12300,7020,0.897881,,-3.61842,False,False,
2318039074,выжил,,,9.81767,,12300,0,-8.76937e-05,0,,True,False,коэффициент_автономии;текущая_ликвидность;ча_отрицательные_2года
2320007023,выжил,,,9.81767,68.20,12300,28944,0.745328,,-0.189691,False,False,
2320100953,выжил,,,9.81767,,12300,,-1.53813,,,True,True,коэффициент_автономии;убыток_2года;ча_отрицательные_2года
2320110817,выжил,,,9.81767,68.20.2,20101,,,,,False,,
2320128684,выжил,,,9.81767,41.20,12300,,,,,False,,
2320173239,выжил,,,9.81767,74.30,12300,,-3.38636,,,True,,коэффициент_автономии;ча_отрицательные_2года
2320191630,выжил,,,9.81767,46.73.6,12300,,0.999484,1937.25,,False,,
2322020439,выжил,,,9.81767,47.1,12300,1855,1,,0.136808,False,False,
2322026462,выжил,,,9.81767,41.20,12300,4521,0.0835539,,-0.10836,False,False,коэффициент_автономии
2323028952,выжил,,,9.81767,43.2,12165,1606,0.875166,6.63298,-0.020979,False,False,
2330026547,выжил,,,9.81767,56.1,12300,,0.245332,,,False,True,убыток_2года
2339014440,выжил,,,9.81767,47.30,12300,70844,0.0655631,0.901219,-0.140658,False,True,коэффициент_автономии;текущая_ликвидность;убыток_2года
2339015980,выжил,,,9.81767,47.11,12165,,1,,,False,,
2342016751,выжил,,,9.81767,33.20,12300,326,0.850926,,0,False,True,убыток_2года
2343017162,выжил,,,9.81767,77.39,12300,260,-2.66295,,0,True,False,коэффициент_автономии;ча_отрицательные_2года
2361002916,выжил,,,9.81767,01.11,12165,372638,0.536462,2.33155,-2.0708,False,False,
2361004920,выжил,,,9.81767,46.71,12300,258887,0.547383,2.15479,-1.32986,False,False,
2361008770,выжил,,,9.81767,36.00,12300,75570,-1.26201,0.439452,-0.0299008,True,True,коэффициент_автономии;текущая_ликвидность;убыток_2года;ча_отрицательные_2года
2361010716,банкрот,2022,Watching,1,68.32,12300,,0,1.15903,,False,,коэффициент_автономии
2361014044,выжил,,,9.81767,47.11,12300,160692,0.33104,,0.118235,False,True,убыток_2года
2364014571,банкрот,2024,Tender,1,46.31,12300,48958,0.278586,,-0.0288536,False,False,
2365028062,выжил,,,9.81767,86.21,12300,851,-0.705556,0.303261,0.542473,True,False,коэффициент_автономии;падение_выручки;текущая_ликвидность;ча_отрицательные_2года
2365029490,выжил,,,9.81767,69.10,12300,602,0.847222,,,False,False,
2366025314,выжил,,,9.81767,56.10.1,12300,18,-0.430657,0.702564,,False,False,коэффициент_автономии;текущая_ликвидность
2366027569,выжил,,,9.81767,69.10,12300,,,,,False,,
2367013417,выжил,,,9.81767,,12300,0,1,,,False,False,
2367014259,выжил,,,9.81767,,12300,,1,,,False,,
2367021150,банкрот,2023,ProceedingsStopped,1,49.41,12300,11525,0.169426,,,,False,
2368014220,выжил,,,9.81767,,12300,,1,,,False,,
2372027969,выжил,,,9.81767,85.14,75401,141,,,,,False,
2373008292,выжил,,,9.81767,42.11,12300,3433,0.409415,,-7.80256,False,False,
2373009761,выжил,,,9.81767,94.11,20612,,,,,False,,
2373013937,выжил,,,9.81767,42.11,12300,15008,-0.0994355,0.8102,0.654002,True,False,коэффициент_автономии;падение_выручки;текущая_ликвидность;ча_отрицательные_2года
2376003905,выжил,,,9.81767,41.20,12300,8341,0.0384181,1.64345,,False,False,коэффициент_автономии
2404014933,выжил,,,9.81767,46.73.6,12300,367,0.0581068,1.06169,0.51774,False,False,коэффициент_автономии;падение_выручки
2411008793,выжил,,,9.81767,,20200,1157,0.889313,9.03448,-0.522368,False,False,
2420008750,выжил,,,9.81767,47.73,19000,0,0.416216,1.71296,1,False,False,падение_выручки
2426005562,банкрот,2023,Tender,1,,65243,9344,-0.0678021,0.944891,0.199109,False,False,коэффициент_автономии;текущая_ликвидность
2443020345,выжил,,,9.81767,,12300,5737,0.973233,,0.106943,False,True,убыток_2года
2444000045,выжил,,,9.81767,,12300,41213,0.991995,109.905,0.0108247,False,False,
2448000166,выжил,,,9.81767,47.73,12300,89330,0.460356,,-0.153777,False,False,
2452026142,выжил,,,9.81767,94.99,20210,,,,,False,,
2454025955,банкрот,2024,Tender,1,46.73.1,12300,27949,0.331748,,-0.637509,False,False,
2455000858,выжил,,,9.81767,68.32.1,11064,0,,,,,False,
2456009148,выжил,,,9.81767,46.38.23,12300,,1,,,False,,
2456010457,выжил,,,9.81767,47.25.1,65000,13702,0.637012,,0.00904028,False,False,
2457072632,выжил,,,9.81767,43.29,12300,31365,0.962297,,-81.1073,False,False,
2457083747,выжил,,,9.81767,52.21,20101,0,,,,,False,
2460034348,выжил,,,9.81767,68.20.2,12300,8194,0.935576,,-0.652016,False,False,
2460072047,выжил,,,9.81767,45.20.1,12300,22,-1.99717,,0.0833333,True,False,коэффициент_автономии;ча_отрицательные_2года
2460230053,выжил,,,9.81767,68.20.2,12300,11075,1,,-15.1915,False,False,
2460255932,банкрот,2023,Tender,1,,12300,105511,-0.279621,1.0812,0.774686,True,True,коэффициент_автономии;падение_выручки;убыток_2года;ча_отрицательные_2года
2461035048,выжил,,,9.81767,46.72,12300,19520,0.00421539,1.00205,-0.583259,False,False,коэффициент_автономии
2461040802,выжил,,,9.81767,46.73,12300,6561,1,,0.260982,False,False,
2461047903,выжил,,,9.81767,85.42,12300,905,-0.169973,1.5165,,False,False,коэффициент_автономии
2461048030,выжил,,,9.81767,31.09,12300,1995,0.0209205,,,,False,коэффициент_автономии
2461122942,выжил,,,9.81767,68.32.2,20702,,,,,,,
2461125460,выжил,,,9.81767,25.21,12300,,0.0996177,,,False,False,коэффициент_автономии
2463058587,выжил,,,9.81767,71.20.8,12300,69570,0.236263,2.80358,0.161636,False,False,
2463072616,выжил,,,9.81767,70.22,12300,27540,0.977649,44.3768,0,False,False,
2463081353,выжил,,,9.81767,46.13,12300,,0.8,5,,False,False,
2463123388,выжил,,,9.81767,,12300,11164,0.975155,40.25,,False,False,
2463205094,выжил,,,9.81767,46.69.5,12300,1700,0.960042,21.4737,-1.09618,False,False,
2463212461,выжил,,,9.81767,68.2,12300,6964,0.957834,,-0.294905,False,False,
2463218270,выжил,,,9.81767,70.22,12300,,1,,,False,,
2464019340,выжил,,,9.81767,68.32.2,20702,0,,,,,False,
2464040053,выжил,,,9.81767,68.32.2,20702,,,,,,,
2464138490,выжил,,,9.81767,46.38,12300,0,-0.0463392,,1,True,False,коэффициент_автономии;падение_выручки;ча_отрицательные_2года
2464147381,выжил,,,9.81767,31.09,12300,146134,0.889664,,-0.0727793,False,False,
2464149903,выжил,,,9.81767,43.22,12300,3930,0.781649,,-0.0922735,False,False,
2464155015,выжил,,,9.81767,33.13,12300,258,0.88,8.33333,,False,False,
2464155590,выжил,,,9.81767,88.99,70401,,,,,,,
2464229348,банкрот,2024,Watching,1,68.20,12300,22636,0.587841,0.292446,0.158669,False,False,текущая_ликвидность
2464239184,выжил,,,9.81767,46.15.3,12300,,1,,,False,,
2465080482,выжил,,,9.81767,80.10,12300,120227,0.475718,2.15617,0.282732,False,False,
2465138703,банкрот,2023,Tender,1,68.32.1,12300,,,,,False,,
2465158940,выжил,,,9.81767,69.10,12300,100,0.902778,10.2857,0.166667,False,False,
2465174170,выжил,,,9.81767,46.90,12300,1361,0.58314,,0.22273,False,False,
2465206953,выжил,,,9.81767,64.99,12165,390,,2.96375,-0.3,,False,
2465263983,выжил,,,9.81767,49.3,12300,,1,,,False,,
2465264874,выжил,,,9.81767,47.25.1,12300,174765,0.116152,1.13142,-0.306234,False,False,
2465278193,выжил,,,9.81767,45.2,12300,373,1,,-3.14444,False,False,
2465323872,выжил,,,9.81767,,12300,,,,,,,
2465333292,выжил,,,9.81767,,12300,371,0.771218,,-29.9167,False,False,
2465341529,выжил,,,9.81767,85.41.9,12300,,0.515152,,,,,
2466029714,выжил,,,9.81767,46.66,12300,1036,0.968539,30.6429,0.74994,False,False,падение_выручки
2466180105,выжил,,,9.81767,46.34.23,12300,0,0.0145208,,1,False,False,коэффициент_автономии;падение_выручки
2466226085,выжил,,,9.81767,49.41.1,12300,20955,-0.500926,,-0.0847396,True,False,коэффициент_автономии;ча_отрицательные_2года
2466271338,банкрот,2024,Tender,1,47.43,12300,,,,,False,,
2466285669,выжил,,,9.81767,46.13,12300,16418,0.326977,,,,False,
2502027955,банкрот,2023,Tender,1,01.1,12300,29868,0.585331,0.758822,-0.0983709,False,True,текущая_ликвидность;убыток_2года
2502066175,выжил,,,9.81767,43.21,12300,,0.0277778,1.02857,,False,,коэффициент_автономии
2503029810,выжил,,,9.81767,68.32.1,20716,,,10.6,,,False,
2506010430,выжил,,,9.81767,01.61,12300,2928,0.500832,,0.966588,False,False,падение_выручки
2508069888,выжил,,,9.81767,01.1,12300,256608,0.0681357,8.59864,-1.42515,False,False,коэффициент_автономии
2508084830,выжил,,,9.81767,33.12,12300,15571,0.628993,,-0.0565206,False,False,
2510015150,выжил,,,9.81767,47.52.5,19000,652,1,,,False,False,
2511010027,выжил,,,9.81767,,60000,725,0.963351,,-0.138148,False,False,
2511037029,выжил,,,9.81767,52.21.24,20101,,,,,,,
2511041402,выжил,,,9.81767,,20101,,,,,False,,
2511049384,выжил,,,9.81767,47.11,12300,,1,,,False,,
2511091210,выжил,,,9.81767,43.21,50000,5489,0.69281,3.1844,-0.385411,False,False,
2511103095,банкрот,2022,Tender,1,42.11,12300,354487,-0.286557,0.64715,-0.260031,False,True,коэффициент_автономии;текущая_ликвидность;убыток_2года
2511105014,выжил,,,9.81767,42.11,12300,19832,0.545937,0.456168,0.29426,False,False,текущая_ликвидность
2511111106,выжил,,,9.81767,,12300,3511,0.49348,,,False,False,
2512305792,выжил,,,9.81767,55.10,12300,77085,0.126474,,-0.706213,False,False,
2521016444,выжил,,,9.81767,10.71,12300,,-16.6,,,True,True,коэффициент_автономии;убыток_2года;ча_отрицательные_2года
2526006520,банкрот,2022,ProceedingsFinished,1,36.00,12300,72138,-0.634297,0.581087,-0.051559,True,True,коэффициент_автономии;текущая_ликвидность;убыток_2года;ча_отрицательные_2года
2536012202,выжил,,,9.81767,43.21,14200,883,0.900735,,0.390193,False,False,
2536150474,выжил,,,9.81767,46.19,12300,,0.601695,,,False,,
2536164861,выжил,,,9.81767,41.20,12165,106748,0.0712035,,-0.629765,False,False,коэффициент_автономии
2536175454,выжил,,,9.81767,46.49,12300,0,-0.0450586,,1,False,True,коэффициент_автономии;падение_выручки;убыток_2года
2536187393,выжил,,,9.81767,80.10,12300,11800,1,,-0.0399224,False,False,
2536218972,выжил,,,9.81767,42.21,12300,1478,0.908602,10.9412,0.351754,False,False,
2536223901,выжил,,,9.81767,52.29,12300,25733,0.0297443,,0.0464315,False,False,коэффициент_автономии
2536231194,выжил,,,9.81767,73.11,12165,12537,0.70581,3.87485,-1.15264,False,False,
2536254265,выжил,,,9.81767,46.73,12300,,1,,,False,False,
2536308256,выжил,,,9.81767,,12300,803,0.992679,,0.892747,False,False,падение_выручки
2536310801,выжил,,,9.81767,45.20,12300,,-26.5537,,,True,True,коэффициент_автономии;убыток_2года;ча_отрицательные_2года
2536322726,выжил,,,9.81767,82.19,12300,,0.0311973,,,False,False,коэффициент_автономии
2536324459,выжил,,,9.81767,55.10,12300,,-0.100179,,,True,True,коэффициент_автономии;убыток_2года;ча_отрицательные_2года
2536325702,выжил,,,9.81767,45.31,12300,245,0.175,,,,False,
2537040322,выжил,,,9.81767,,12300,11890,0.951639,,0.0172742,False,False,
2537081216,выжил,,,9.81767,41.20,12300,5941,0.166667,1.2,-25.7613,False,False,
2537101631,выжил,,,9.81767,45.1,12300,,1,,,False,,
2537117039,выжил,,,9.81767,03,12300,0,-2.69207,0.327457,1,True,True,коэффициент_автономии;падение_выручки;текущая_ликвидность;убыток_2года;ча_отрицательные_2года
2537130921,выжил,,,9.81767,46.38,12300,,1,,,False,,
2537142317,выжил,,,9.81767,41.20,12300,45598,-1.47142,,-0.0836284,True,True,коэффициент_автономии;убыток_2года;ча_отрицательные_2года
2538098526,выжил,,,9.81767,52.24.2,12300,84688,0.230359,,-0.647915,False,False,
2538104730,выжил,,,9.81767,69.20.2,12300,942,0.994083,,-0.0536913,False,False,
2538107900,выжил,,,9.81767,,12300,2257,0.542376,2.46734,-0.500665,False,False,
2539094637,выжил,,,9.81767,68.32.1,12300,,0.485294,,,False,True,убыток_2года
2539119507,выжил,,,9.81767,68.20.2,12300,,1,,,False,,
2539119881,выжил,,,9.81767,93.29.9,12300,75244,0.222468,,-1.24864,False,False,
2540067099,выжил,,,9.81767,69.2,12300,0,0.363636,,,False,False,
2540084464,выжил,,,9.81767,68.32.1,20716,12,,,-3,,False,
2540123829,выжил,,,9.81767,69.10,20200,,,,,,,
2540138783,выжил,,,9.81767,46.38.24,12165,1851,1,,0.41829,False,False,
2540163927,банкрот,2023,ProceedingsFinished,1,46.73.6,12300,0,0.361044,,1,False,,падение_выручки
2540164092,выжил,,,9.81767,68.20.2,12165,1312,0.999768,,-0.625774,False,False,
2540196802,выжил,,,9.81767,49.41,12300,63671,0.367487,1.581,,False,False,
2540221223,выжил,,,9.81767,80.10,12300,97306,0.334722,,-0.0918169,False,False,
2540251676,выжил,,,9.81767,01.70,12300,,-4.51316,15.2,,True,True,коэффициент_автономии;убыток_2года;ча_отрицательные_2года
2540259347,выжил,,,9.81767,46.41,12300,722291,0.000758537,1.00206,,False,False,коэффициент_автономии
2543025146,банкрот,2022,ProceedingsStopped,1,46.15,12300,26925,0.0760112,,0.653064,False,False,коэффициент_автономии;падение_выручки
2543034662,выжил,,,9.81767,,12300,82273,0.98894,,-0.240172,False,False,
2543056634,выжил,,,9.81767,47.59,12300,,,,,True,,ча_отрицательные_2года
2543098994,выжил,,,9.81767,45.1,12300,415,-0.629991,0.350818,0.570393,True,True,коэффициент_автономии;падение_выручки;текущая_ликвидность;убыток_2года;ча_отрицательные_2года
2543101870,выжил,,,9.81767,45.11,12300,,0.0696036,,,False,,коэффициент_автономии
2543108730,выжил,,,9.81767,46.69,12300,259134,0.0458837,,-0.643032,False,False,коэффициент_автономии
2543118440,выжил,,,9.81767,43.29,12300,380631,-0.118857,,0.369534,True,True,коэффициент_автономии;убыток_2года;ча_отрицательные_2года
2543128215,выжил,,,9.81767,49.41,12300,1549,0.906505,,0.610902,False,False,падение_выручки
2543146239,банкрот,2022,ProceedingsFinished,1,46.49,12300,0,-0.294031,,1,False,False,коэффициент_автономии;падение_выручки
2543162329,выжил,,,9.81767,71.12.6,12300,,1,,,False,,
2601001443,выжил,,,9.81767,41.20,12300,,1,,,False,,
2601800125,выжил,,,9.81767,68.32.1,10000,8565,0.888393,,-0.0687547,False,False,
2606008361,выжил,,,9.81767,86.21,12300,2309,0.257047,7.89189,-0.0850564,False,True,убыток_2года
2607023570,выжил,,,9.81767,86.10,12300,,1,,,False,,
2608011320,выжил,,,9.81767,01.11,12300,46599,0.994346,101.607,-0.548603,False,False,
2609025397,выжил,,,9.81767,01.13.12,12300,3012,0.0171437,1.39264,-1.68929,False,True,коэффициент_автономии;убыток_2года
2609800021,выжил,,,9.81767,01.1,12300,182428,0.212918,1.20816,-0.726541,False,False,
2617000364,выжил,,,9.81767,47.19,20107,35587,,5.37483,0.0328831,,False,
2618017089,выжил,,,9.81767,47.19,12300,-215,1,,,False,True,убыток_2года
2619011594,выжил,,,9.81767,47.73,12300,15822,0.934715,,-0.00680878,False,False,
2623023465,выжил,,,9.81767,69.20.1,12300,2016,0.891628,,-0.0445596,False,False,
2625067933,выжил,,,9.81767,85.42,71400,,,,,,,
2631034100,выжил,,,9.81767,86.90.9,12300,4414,0.0375827,,-0.246893,False,False,коэффициент_автономии
2632053794,выжил,,,9.81767,94.99,20200,,,,,False,,
2632096759,выжил,,,9.81767,30.30,12300,14681,0.180681,,0.23909,False,False,
2632107150,выжил,,,9.81767,88.99,70400,,,,,,True,убыток_2года
2632110185,выжил,,,9.81767,02.10.11,12300,68160,0.749613,3.76944,-0.0916954,False,False,
2632800904,выжил,,,9.81767,,12300,26189,0.801236,4.95335,-0.246383,False,False,
2632800936,банкрот,2023,ProceedingsFinished,1,38.22,12267,165314,-1.13093,0.33686,-0.225974,True,False,коэффициент_автономии;текущая_ликвидность;ча_отрицательные_2года
2632802813,выжил,,,9.81767,68.32.1,12300,1045,0.000521975,,0.182316,False,False,коэффициент_автономии
2632806864,выжил,,,9.81767,93.19,20200,,,,,,,
2634031147,выжил,,,9.81767,94.99,20200,,0,1,,False,,коэффициент_автономии
2634070668,выжил,,,9.81767,68.32.1,20700,,,,,,False,
2634084822,выжил,,,9.81767,46.73.6,12300,,,,,,,
2635075972,банкрот,2022,ProceedingsFinished,1,64.99,12300,,0.492849,,,False,False,
2635237711,банкрот,2023,Tender,1,41.20,12300,72206,0.0423579,1.1131,0.168038,False,False,коэффициент_автономии
2635238867,выжил,,,9.81767,56.10,12300,0,0.822823,,1,False,False,падение_выручки
2635240739,выжил,,,9.81767,52.21.24,12300,14243,0.937718,47.6818,0.42151,False,False,
2635822342,банкрот,2024,Watching,1,10.91.3,12300,28082,0.0774333,0.818308,-0.16431,False,False,коэффициент_автономии;текущая_ликвидность
2636213061,банкрот,2022,ProceedingsStopped,1,41.20,12300,,0.782648,,,False,,
2636215439,выжил,,,9.81767,,71400,5746,,,-1.95881,,False,
2636219514,выжил,,,9.81767,46.41,12300,1181,0.0175316,,,,False,коэффициент_автономии
2636805445,выжил,,,9.81767,46.69.2,12300,,0.962399,,,False,False,
2636806745,выжил,,,9.81767,69.10,12300,606,0.997135,,-0.386728,False,False,
2703019802,выжил,,,9.81767,52.21.24,12300,46,-4.9375,0.168421,0.735632,True,False,коэффициент_автономии;падение_выручки;текущая_ликвидность;ча_отрицательные_2года
2703030933,выжил,,,9.81767,,65,1929,0.248,1.32979,0.330905,False,False,
2703089140,выжил,,,9.81767,23.70,12300,1396,-0.304933,0.766323,0.156495,True,False,коэффициент_автономии;текущая_ликвидность;ча_отрицательные_2года
2705093456,выжил,,,9.81767,,12300,43649,0.11242,,0.0354238,False,False,
2706023885,выжил,,,9.81767,52.21.24,12100,,,,,False,,
2706029220,выжил,,,9.81767,03.12.4,20000,,,,,False,,
2707002775,банкрот,2023,ProceedingsFinished,1,66.19.6,12300,3603,-0.123276,0.890253,0.427459,True,True,коэффициент_автономии;текущая_ликвидность;убыток_2года;ча_отрицательные_2года
2721150310,выжил,,,9.81767,49.41.1,12300,99968,0.298272,,-0.800609,False,False,
2721167722,выжил,,,9.81767,46.46,19000,14710,0.109428,,,False,False,
2721181364,выжил,,,9.81767,47.43,12300,,,,,,,
2721195007,выжил,,,9.81767,33.12,12300,,0.999812,,,False,,
2721226826,выжил,,,9.81767,56.10,12300,0,,,1,False,False,падение_выручки
2721227700,выжил,,,9.81767,85.41.1,20200,,,,,,,
2721246526,выжил,,,9.81767,68.10,12300,4652,-0.239113,8.72885,,False,True,коэффициент_автономии;убыток_2года
2722084010,выжил,,,9.81767,47.73,12300,106699,-1.64256,,-0.425542,True,False,коэффициент_автономии;ча_отрицательные_2года
2722090159,выжил,,,9.81767,,12300,24583,0.581568,,-0.377199,False,False,
2722104651,выжил,,,9.81767,73.11,12300,13247,0.127822,,0.0490309,False,False,
2722123196,выжил,,,9.81767,69.20,12300,1357,-9.16667,,-0.0576773,False,True,коэффициент_автономии;убыток_2года
2723051265,выжил,,,9.81767,47.52,12300,5591,0.752438,,,False,False,
2723091187,выжил,,,9.81767,68.32.1,20716,,,,,,,
2723117621,выжил,,,9.81767,49.4,12300,3329,0.241799,,-0.14085,False,False,
2723215851,выжил,,,9.81767,46.69,12300,477,0.181338,,,,False,
2724235794,выжил,,,9.81767,45.31,12300,0,,,1,False,False,падение_выручки
2724246732,выжил,,,9.81767,33.14,12300,,1,,,False,,
2801196831,выжил,,,9.81767,80.10,12300,5547,0.944889,,0.120222,False,False,
2801198243,выжил,,,9.81767,,12300,552,1,,-0.426357,False,False,
2801202450,выжил,,,9.81767,,12300,816,-3.59649,,0.352895,True,True,коэффициент_автономии;убыток_2года;ча_отрицательные_2года
2801204803,выжил,,,9.81767,20.11,12165,,0.308223,,,False,False,
2801212508,выжил,,,9.81767,43.99,12300,5285,1,,0.552612,False,False,падение_выручки
2801236019,выжил,,,9.81767,47.11,12300,744,0.185185,,0.253761,False,True,убыток_2года
2801243305,банкрот,2022,ProceedingsFinished,1,46.71,12300,149732,-0.109639,0.901194,-0.00756352,True,True,коэффициент_автономии;текущая_ликвидность;убыток_2года;ча_отрицательные_2года
2801245630,выжил,,,9.81767,41.20,12300,0,-0.0298058,114.846,1,True,True,коэффициент_автономии;падение_выручки;убыток_2года;ча_отрицательные_2года
2801247557,выжил,,,9.81767,,12300,16759,0.0539445,1.08536,-0.360198,False,False,коэффициент_автономии
2801254748,выжил,,,9.81767,,12300,18383,0.0301882,,-9.3683,False,False,коэффициент_автономии
2804015427,выжил,,,9.81767,45.32,12300,13258,0.00105641,,0.392197,False,False,коэффициент_автономии
2808003790,выжил,,,9.81767,56.10,12300,128,-4.84802,,0.816092,True,True,коэффициент_автономии;падение_выручки;убыток_2года;ча_отрицательные_2года
2901088205,выжил,,,9.81767,81.10,12300,,-5.25,,,True,,коэффициент_автономии;ча_отрицательные_2года
2901134444,выжил,,,9.81767,,12300,119154,0.301225,,-1.22194,False,False,
2901155726,выжил,,,9.81767,46.4,12300,221675,0.801416,,-0.798566,False,False,
2901201757,выжил,,,9.81767,16.1,12300,119,0.204082,,0.803954,False,False,падение_выручки
2901218091,банкрот,2024,ProceedingsFinished,1,43.3,12300,,-1.75289,0.363254,,True,True,коэффициент_автономии;текущая_ликвидность;убыток_2года;ча_отрицательные_2года
2901221961,выжил,,,9.81767,68.32.1,20716,6,,20.125,0,,False,
2901239655,выжил,,,9.81767,46.62,12300,62766,0.717941,2.60054,-0.348791,False,False,
2901241140,выжил,,,9.81767,41.2,12300,107556,0.311985,1.39525,-0.418439,False,False,
2901253040,выжил,,,9.81767,,12300,7081,0.806967,,-1.43166,False,False,
2901285404,выжил,,,9.81767,69.20,12300,6915,0.427415,,-0.100239,False,False,
2901291800,выжил,,,9.81767,68.32.1,12300,,1,,,False,,
2901307792,выжил,,,9.81767,56.10,12300,134,0.128205,,,,,
2902055160,банкрот,2022,ProceedingsFinished,1,68.1,12300,0,0.2274,,,False,True,убыток_2года
2902088529,выжил,,,9.81767,68.32,12300,,-0.666667,,,,,коэффициент_автономии
2904011232,выжил,,,9.81767,,20101,,,,,,,
2915003297,банкрот,2022,ProceedingsFinished,1,,65243,861,-1.00685,0.201518,0.909871,False,False,коэффициент_автономии;падение_выручки;текущая_ликвидность
2918006666,выжил,,,9.81767,16.10.1,12300,,1,,,False,,
2918009353,выжил,,,9.81767,47.73,12300,38630,0.996809,313.423,0.0402961,False,False,
2983010863,выжил,,,9.81767,01.49.41,20200,,,,,,,
2983013938,выжил,,,9.81767,,12300,,0.208333,1.26316,,False,,
3015074184,выжил,,,9.81767,68.20,12300,2875,0.822322,0.428461,-0.0923252,False,True,текущая_ликвидность;убыток_2года
3015099189,выжил,,,9.81767,78.10,12300,216,1,,-0.248555,False,False,
3016050612,банкрот,2023,Tender,1,43.11,12300,40916,-0.0356913,1.06738,-1.15415,False,False,коэффициент_автономии
3016056981,выжил,,,9.81767,46.38.29,12300,83,0.0112722,3.33258,0.585,False,False,коэффициент_автономии;падение_выручки
3017015956,выжил,,,9.81767,42.11,12300,44111,-0.487829,0.628967,0.556013,True,True,коэффициент_автономии;падение_выручки;текущая_ликвидность;убыток_2года;ча_отрицательные_2года
3017044940,выжил,,,9.81767,47.11,12300,4235,0.857432,7.01418,0.524905,False,True,падение_выручки;убыток_2года
3017062843,выжил,,,9.81767,68.20,12300,444,-2.24493,,0.900915,True,True,коэффициент_автономии;падение_выручки;убыток_2года;ча_отрицательные_2года
3018010573,выжил,,,9.81767,47.72.1,12300,2966,0.999612,,0.64018,False,False,падение_выручки
3022002021,выжил,,,9.81767,,12300,,,,,,,
3022002744,выжил,,,9.81767,25.12,12300,11424,0.0431605,,-1.15466,False,False,коэффициент_автономии
3023018056,выжил,,,9.81767,95.11,12300,5306,1,,0.163223,False,False,
3023023225,выжил,,,9.81767,96.04,12300,0,0.0286533,,1,False,False,коэффициент_автономии;падение_выручки
3102017841,выжил,,,9.81767,62.09,12300,1291,0.221354,,-10.4248,False,False,
3102205700,выжил,,,9.81767,01.1,20702,,,,,,,
3123066303,выжил,,,9.81767,43.21,12300,3830,0.00324517,,-0.0539351,False,True,коэффициент_автономии;убыток_2года
3123203503,выжил,,,9.81767,46.32,12300,,1,,,False,,
3123333693,банкрот,2023,ProceedingsFinished,1,22.22,12300,24701,-0.0679405,1.07108,0.249711,True,False,коэффициент_автономии;ча_отрицательные_2года
3123342049,выжил,,,9.81767,,12300,2658,0.717307,,-0.0615016,False,False,
3123416519,выжил,,,9.81767,46.69,12300,10542,0.206432,,-0.916379,False,False,
3123423322,выжил,,,9.81767,,12300,4906,0.173432,,-50.6421,False,False,
3123442558,выжил,,,9.81767,45.20,12300,1324,0.00749957,1.10427,0.622577,False,False,коэффициент_автономии;падение_выручки
3123455317,банкрот,2023,Tender,1,41.20,12300,85312,0.0307127,,-1.38608,False,False,коэффициент_автономии
3123474567,выжил,,,9.81767,,12300,69670,0.314925,,-7.69137,False,False,
3123482286,выжил,,,9.81767,73.11,12300,,-20.875,,,,False,коэффициент_автономии
3124012357,выжил,,,9.81767,68.20.2,12300,0,,,,,False,
3128073336,выжил,,,9.81767,72.1,12300,5950,0.997104,,0.0386169,False,False,
3128074379,выжил,,,9.81767,,12300,69596,0.0748089,1.26068,-1.43931,False,False,коэффициент_автономии
3128084793,выжил,,,9.81767,30.30.6,12300,1986,0.918919,12.3333,-0.187799,False,False,
3128104841,выжил,,,9.81767,46.77,12300,77275,0.17248,,-0.109157,False,False,
3128115466,выжил,,,9.81767,46.11.31,12300,,1,,,False,,
3128133592,банкрот,2023,Tender,1,49.41,12300,27593,0.000178769,1.01755,0.583577,False,False,коэффициент_автономии;падение_выручки
3128141829,выжил,,,9.81767,,12300,15377,-0.0452523,0.95506,-8.56281,True,False,коэффициент_автономии;текущая_ликвидность;ча_отрицательные_2года
3128149507,выжил,,,9.81767,46.45,12300,1522,0.0517328,,,,False,коэффициент_автономии
3234006860,выжил,,,9.81767,46.33,10000,40283,0.426096,1.72931,0.282621,False,False,
3234052137,выжил,,,9.81767,,12300,,1,,,False,,
3241010177,выжил,,,9.81767,68.32.1,20716,,,,,False,,
3250060978,выжил,,,9.81767,68.32,20102,6,,9.00643,0.333333,,False,
3250505634,выжил,,,9.81767,68.32.1,20716,,,37.8252,,,,
3255503180,выжил,,,9.81767,71.12.1,12300,33381,0.912685,11.3073,-0.429899,False,False,
3255511462,выжил,,,9.81767,,10000,37132,0.048913,1.05143,0.185827,False,False,коэффициент_автономии
3257039100,выжил,,,9.81767,08.12.1,12300,,,,,False,,
3257061579,выжил,,,9.81767,93.29.1,12165,0,1,,1,False,False,падение_выручки
3257064308,выжил,,,9.81767,49.42,12300,15282,0.258065,1.34783,-18.2469,False,False,
3257065710,выжил,,,9.81767,46.33,12300,,-0.047619,,,True,,коэффициент_автономии;ча_отрицательные_2года
3257067193,выжил,,,9.81767,46.61,12300,18685,0.644506,2.81299,0.185945,False,False,
3301024748,выжил,,,9.81767,68.32.2,21002,,,,,False,,
3301036461,выжил,,,9.81767,86.23,12300,52345,0.881073,,-0.868797,False,False,
3303010645,выжил,,,9.81767,47.5,12300,,,,,,,
3303036957,выжил,,,9.81767,,65243,29241,0.0778952,0.330862,,False,False,коэффициент_автономии;текущая_ликвидность
3305058730,выжил,,,9.81767,49.41.2,12300,,1,,,False,,
3305719701,выжил,,,9.81767,02.10,12300,495,1,,0.714368,False,False,падение_выручки
3305792780,выжил,,,9.81767,46.48.2,12300,119511,1.07437,,-0.452827,False,False,
3305795526,банкрот,2023,Tender,1,,12300,73712,0.0957389,,-1.45494,False,False,коэффициент_автономии
3309011821,выжил,,,9.81767,68.32.1,20716,,,,,,,
3315005174,выжил,,,9.81767,68.32.2,20700,,1,,,False,,
3316013530,банкрот,2023,Tender,1,16.21,12300,126560,0.0891665,,-0.521026,False,False,коэффициент_автономии
3317026885,выжил,,,9.81767,70.22,12300,304,1,,0.904612,False,True,падение_выручки;убыток_2года
3325008311,выжил,,,9.81767,,12300,0,0.925743,,1,False,True,падение_выручки;убыток_2года
3327137270,банкрот,2023,Tender,1,81.21,12300,44912,0.128318,,-101.305,False,False,
3327139920,выжил,,,9.81767,46.90,12300,7469,0.00871595,,0.873738,False,True,коэффициент_автономии;падение_выручки;убыток_2года
3327319168,выжил,,,9.81767,79.11,60000,289,0.0166389,1.01692,,False,False,коэффициент_автономии
3327851559,выжил,,,9.81767,30.92.2,12300,382103,0.102422,1.29573,-0.495844,False,False,
3328024294,выжил,,,9.81767,,12300,209299,0.0177632,0.967515,-97.4473,False,False,коэффициент_автономии;текущая_ликвидность
3329052632,выжил,,,9.81767,68.31.1,12300,,-111,0.00892857,,True,True,коэффициент_автономии;текущая_ликвидность;убыток_2года;ча_отрицательные_2года
3329080005,выжил,,,9.81767,,12300,3701,0.645367,,-0.934658,False,False,
3329082394,выжил,,,9.81767,47.52,12300,8026,-0.120372,1.31979,0.419625,False,False,коэффициент_автономии
3334006617,выжил,,,9.81767,43.99.7,12300,0,,,,,False,
3403028580,банкрот,2022,Tender,1,,12300,242806,-1.34337,0.287588,0.432373,True,True,коэффициент_автономии;текущая_ликвидность;убыток_2года;ча_отрицательные_2года
3403302320,выжил,,,9.81767,68.32.2,20701,0,,,,False,False,
3411004825,выжил,,,9.81767,81.29.9,20217,,,,,False,,
3428985968,выжил,,,9.81767,47.25,12300,4654,-0.559727,,0.697694,False,False,коэффициент_автономии;падение_выручки
3429031097,выжил,,,9.81767,94.99,20217,,,,,,,
3435080984,выжил,,,9.81767,46.47.3,12300,684,0.555174,6.3369,0.993815,False,False,падение_выручки
3435122095,выжил,,,9.81767,46.90,12300,,,,,,,
3435134622,банкрот,2023,ProceedingsStopped,1,41.20,12300,107817,0.117939,0.982058,-0.0215457,False,False,текущая_ликвидность
3435138296,банкрот,2022,ProceedingsFinished,1,46.72.2,12300,37590,0.0380649,1.10149,-16.6231,False,False,коэффициент_автономии
3435311913,выжил,,,9.81767,52.29,19000,0,,,1,False,False,падение_выручки
3436102084,выжил,,,9.81767,,20716,,,,,,,
3438004903,банкрот,2023,ProceedingsStopped,1,,12267,170100,0.653538,,-1.33001,False,False,
3441028510,выжил,,,9.81767,,20700,,,1.05484,,,,
3442063965,выжил,,,9.81767,49.31.2,12165,200,-11.8333,0.0779221,,True,False,коэффициент_автономии;текущая_ликвидность;ча_отрицательные_2года
3443134256,выжил,,,9.81767,10.13.1,12300,2.25112e+06,0.358531,1.69536,0.065902,False,False,
3443140073,выжил,,,9.81767,25.11,12300,33955,0.0181505,0.910759,-0.306263,False,False,коэффициент_автономии;текущая_ликвидность
3444109132,выжил,,,9.81767,72.19,12300,0,1,,1,False,False,падение_выручки
3444178217,выжил,,,9.81767,46.66,12300,,1,,,False,,
3444189096,выжил,,,9.81767,82.30,12300,27731,0.919345,,-0.44267,False,False,
3444190060,выжил,,,9.81767,,12300,2393,0.21257,,0.109084,False,False,
3444202131,выжил,,,9.81767,69.10,12300,,,,,False,,
3444261881,выжил,,,9.81767,86.10,12300,30159,-1.46159,,-0.434299,False,False,коэффициент_автономии
3444264378,выжил,,,9.81767,94.99,20200,420,,2.39706,-1.59259,,False,
3444267883,выжил,,,9.81767,46.69.9,12300,19944,0.498551,1.99422,-0.425692,False,False,
3445120629,выжил,,,9.81767,52.29,12300,,0.136852,,,False,,
3445122658,выжил,,,9.81767,46.46,12300,1.10173e+06,0.648542,2.69279,-0.192434,False,False,
3447029319,выжил,,,9.81767,86.23,12300,2045,0.26465,1.3599,-0.463851,False,False,
3459079233,банкрот,2024,ProceedingsStopped,1,41.20,12300,9432,0.0176856,1.04228,-0.512266,False,False,коэффициент_автономии
3459082902,выжил,,,9.81767,42.11,12300,,1,,,False,False,
3460014336,выжил,,,9.81767,46.43.1,12300,10071,0.753045,,-0.325132,False,False,
3460064190,выжил,,,9.81767,31.09,12300,194,0.0494845,,-3.73171,False,False,коэффициент_автономии
3460076036,выжил,,,9.81767,46.90,12300,947,0.322581,,,,False,
3460076244,выжил,,,9.81767,73.11,12300,0,1,,,False,False,
3460078700,выжил,,,9.81767,46.73,12300,30073,0.0155786,,-0.90867,False,False,коэффициент_автономии
3461008945,банкрот,2022,ProceedingsFinished,1,25.11,12267,197930,0.194464,1.24141,0.0226886,False,False,
3461057565,выжил,,,9.81767,,12300,14080,0.539709,2.1699,0.0226295,False,False,
3461065044,выжил,,,9.81767,43.13,12300,7031,0.993537,154.727,-0.782256,False,False,
3461065855,выжил,,,9.81767,68.32.1,12300,993,0.467005,,,False,False,
3507306030,выжил,,,9.81767,43.2,12300,1899,0.433022,,0.163804,False,False,
3507314169,выжил,,,9.81767,68.20.2,12300,383,0.92631,,0.827244,False,False,падение_выручки
3509011681,выжил,,,9.81767,46.73.1,12300,32526,0.642327,,-13.7644,False,False,
3516004580,выжил,,,9.81767,46.73,12300,,,,,,,
3525056200,выжил,,,9.81767,94.99,12300,,,,,,,
3525113257,выжил,,,9.81767,68.32.1,20716,,,,,,,
3525227575,банкрот,2023,ProceedingsStopped,1,73.11,12300,,0.0661855,0.982666,,False,False,коэффициент_автономии;текущая_ликвидность
3525283749,выжил,,,9.81767,46.47.1,12300,,,,,False,,
3525329471,выжил,,,9.81767,47.76.1,12300,25231,0.769663,4.34146,-0.545733,False,False,
3525338677,выжил,,,9.81767,45.3,12300,10853,0.088386,,0.525531,False,False,коэффициент_автономии;падение_выручки
3525367082,выжил,,,9.81767,68.32,20716,1092,,,-0.100806,,False,
3525395971,банкрот,2022,ProceedingsStopped,1,16.10,12300,8689,0.426379,,0.937299,False,False,падение_выручки
3525399493,выжил,,,9.81767,46.66,12300,21267,0.190541,,-0.88671,False,False,
3525436402,выжил,,,9.81767,,12300,138839,0.913003,11.4947,-0.257611,False,False,
3525461279,выжил,,,9.81767,43.39,12300,0,1,,1,False,False,падение_выручки
3525464713,выжил,,,9.81767,46.73,12300,,,,,False,,
3526027530,выжил,,,9.81767,45.1,12300,249,1,,-1.79775,False,False,
3527017654,выжил,,,9.81767,,12300,3358,-1.36875,,0.289763,False,False,коэффициент_автономии
3528083258,выжил,,,9.81767,69.10,20615,,,1,,,,
3528084727,выжил,,,9.81767,88.99,20200,,,34,,,,
3528203830,выжил,,,9.81767,46.72,12300,4119,0.0707321,,-0.497818,False,False,коэффициент_автономии
3528315967,банкрот,2023,ProceedingsFinished,1,32.99.1,12300,45498,0.00972167,0.70039,0.0813125,False,False,коэффициент_автономии;текущая_ликвидность
3528322280,выжил,,,9.81767,43.39,12300,19774,1,,,,False,
3602003540,выжил,,,9.81767,84.11.31,75404,,,,,False,,
3604009650,выжил,,,9.81767,68.20,12267,,0.0543568,0.0498025,,False,False,коэффициент_автономии;текущая_ликвидность
3611005470,выжил,,,9.81767,,12300,365,0.964956,9.25,0.0188172,False,False,
3613007040,банкрот,2023,ProceedingsStopped,1,46.2,12300,,1,,,False,,
3617002885,выжил,,,9.81767,94.20,20202,,,,,,,
3625017613,выжил,,,9.81767,69.10,12300,6131,0.00102051,,,,False,коэффициент_автономии
3661002436,выжил,,,9.81767,68.20.2,12300,4135,0.757471,2.5237,-0.0982736,False,False,
3661020594,выжил,,,9.81767,,12300,1186,0.96292,,0.743457,False,False,падение_выручки
3661036019,выжил,,,9.81767,,12300,29215,0.0861009,1.00346,-0.000822171,False,False,коэффициент_автономии
3661070274,выжил,,,9.81767,64.99,70401,,,,,,,
3662082040,выжил,,,9.81767,68.20.2,12300,52221,0.393266,1.64723,-0.16883,False,False,
3662167208,выжил,,,9.81767,41.2,12300,27705,0.0411364,,-0.313407,False,False,коэффициент_автономии
3662209391,выжил,,,9.81767,18.14,12300,868,0.7332,,-0.339506,False,False,
3662212570,банкрот,2023,ProceedingsFinished,1,45.3,12300,9345,0.613228,,0.541124,False,False,падение_выручки
3662230643,выжил,,,9.81767,,12300,556733,0.189047,1.24975,0.259222,False,False,
3662292992,выжил,,,9.81767,,12300,333,0.559846,18.5,,False,False,
3662296330,банкрот,2024,Tender,1,46.73,12300,2744,,0.948547,,,False,текущая_ликвидность
3663021931,выжил,,,9.81767,,20700,,,1.20623,,,,
3663043149,выжил,,,9.81767,,12300,,,,,,,
3663067037,выжил,,,9.81767,25.11,12300,831,0.477342,1.65964,-0.0862745,False,False,
3663069965,выжил,,,9.81767,33.14,12300,3822,0.625,2.66667,-0.125773,False,False,
3663085981,выжил,,,9.81767,46.4,12300,,1,,,False,False,
3663089351,выжил,,,9.81767,43.99,12300,1152,0.128071,0.766914,-0.450882,False,False,текущая_ликвидность
3663116735,выжил,,,9.81767,,12300,1207,-0.167827,,0.237042,True,False,коэффициент_автономии;ча_отрицательные_2года
3663138619,выжил,,,9.81767,,12300,468101,0.0205318,0.279845,-1.33832,False,False,коэффициент_автономии;текущая_ликвидность
3663148952,выжил,,,9.81767,45.31,12300,56,-0.0807916,0.925248,0.998443,False,False,коэффициент_автономии;падение_выручки;текущая_ликвидность
3664005749,выжил,,,9.81767,96.02,12300,,1,,,False,,
3664089636,выжил,,,9.81767,,12300,,0.868386,,,False,False,
3664093907,выжил,,,9.81767,62.09,12300,70306,0.262133,,,False,False,
3664100985,выжил,,,9.81767,96.03,12300,1553,-2.61185,0.639205,-0.188217,True,False,коэффициент_автономии;текущая_ликвидность;ча_отрицательные_2года
3664135466,выжил,,,9.81767,68.32,12300,12063,0.54479,,-0.624428,False,False,
3664224660,выжил,,,9.81767,68.32,12300,,-0.489796,,,,False,коэффициент_автономии
3664233689,выжил,,,9.81767,46.33,12300,277671,0.382163,2.07462,-0.309435,False,False,
3664247508,выжил,,,9.81767,46.21,12300,5.30231e+06,0.00922592,1.00861,-1.06947,False,False,коэффициент_автономии
3665037038,выжил,,,9.81767,90.01,12300,910,0.985887,,-0.763566,False,False,
3665074093,банкрот,2023,Tender,1,46.38,12300,1.99913e+06,0.244752,3.08229,-0.0740711,False,False,
3665097171,выжил,,,9.81767,,12300,15710,0.0669751,,0.0990939,False,False,коэффициент_автономии
3665117903,выжил,,,9.81767,,12300,,0.000288434,,,False,,коэффициент_автономии
3665120328,выжил,,,9.81767,49.41,12300,,1,,,False,,
3665143389,выжил,,,9.81767,94.99,20200,352,-8.21429,0.108527,,False,False,коэффициент_автономии;текущая_ликвидность
3666076336,выжил,,,9.81767,96.02,12165,1667,0.965663,,-0.106906,False,True,убыток_2года
3666171117,выжил,,,9.81767,,12300,3866,-39.0625,0.024961,-1.25291,True,False,коэффициент_автономии;текущая_ликвидность;ча_отрицательные_2года
3666190166,выжил,,,9.81767,71.1,12300,17634,0.0347604,1.00685,-1.8387,False,False,коэффициент_автономии
3666197958,выжил,,,9.81767,68.32,20700,24187,0.000885526,1.00089,-0.203573,False,False,коэффициент_автономии
3666204556,банкрот,2022,Tender,1,46.41,12300,255538,-0.211739,35.6116,-0.120564,True,True,коэффициент_автономии;убыток_2года;ча_отрицательные_2года
3666219697,выжил,,,9.81767,,12300,194,0.981308,,-0.763636,False,False,
3666236325,выжил,,,9.81767,46.71,12300,77568,0.145577,1.13265,-0.38596,False,False,
3666261233,выжил,,,9.81767,56.10,12300,1218,-0.231343,1.78222,,False,False,коэффициент_автономии
3666999133,выжил,,,9.81767,,75500,3311,0.465517,1.87097,-0.0760481,False,False,
3702133776,выжил,,,9.81767,71.20.4,12300,1168,0.346341,,0.00848896,False,True,убыток_2года
3702152017,выжил,,,9.81767,32.40,12300,81240,0.0220241,0.801525,-1.26466,False,False,коэффициент_автономии;текущая_ликвидность
3702189539,выжил,,,9.81767,,12300,28617,0.039685,,0.599678,False,False,коэффициент_автономии;падение_выручки
3702193648,выжил,,,9.81767,49.41,12300,51888,0.00415131,,-26.8968,False,False,коэффициент_автономии
3702198340,выжил,,,9.81767,68.20,12300,950,0.46875,,-0.0171306,False,False,
3702211110,выжил,,,9.81767,46.76,12300,0,0.0263221,,1,False,False,коэффициент_автономии;падение_выручки
3702256866,выжил,,,9.81767,13.92,12300,,0.00393479,,,,False,коэффициент_автономии
3702261344,выжил,,,9.81767,46.90,12300,,1,,,False,,
3702681540,выжил,,,9.81767,,12300,1146,-0.00524598,,-0.741641,True,False,коэффициент_автономии;ча_отрицательные_2года
3702723567,выжил,,,9.81767,46.41,12300,32133,0.486835,1.94869,-8.48996,False,False,
3702745514,выжил,,,9.81767,41.20,12300,39498,0.0229206,0.900349,-1.04156,False,False,коэффициент_автономии;текущая_ликвидность
3703015221,выжил,,,9.81767,29.32,12300,748774,0.124251,1.20603,0.00247392,False,False,
3703022250,выжил,,,9.81767,94.99,20200,,,,,,,
3704010762,выжил,,,9.81767,52.10,12300,141742,0.034716,,-0.956708,False,False,коэффициент_автономии
3704562604,выжил,,,9.81767,47.76.2,12300,10413,0.133429,1.13742,-0.045272,False,False,
3705063990,выжил,,,9.81767,42.11,12300,626,1,,0.109531,False,False,
3707004703,выжил,,,9.81767,62.01,12300,1960,0.697761,,0.155172,False,False,
3711009856,выжил,,,9.81767,,20702,,,,,False,,
3711010178,выжил,,,9.81767,94.99,20702,,,,,False,,
3717000105,выжил,,,9.81767,32.99.8,14200,2773,0.455409,,0.137481,False,False,
3722000118,выжил,,,9.81767,,14100,75517,0.883554,9.06301,-0.10612,False,False,
3728003122,выжил,,,9.81767,68.20.2,12165,4705,0.432784,,-0.184244,False,False,
3801069761,выжил,,,9.81767,73.11,12165,,-26,,,True,True,коэффициент_автономии;убыток_2года;ча_отрицательные_2года
3801095419,выжил,,,9.81767,10.32,12300,300,1,,-4.88235,,False,
3801100757,выжил,,,9.81767,68.20.2,12300,5688,0.962759,,-0.109204,False,False,
3801122599,выжил,,,9.81767,79.11,12300,279,-3.90909,,-0.55,True,True,коэффициент_автономии;убыток_2года;ча_отрицательные_2года
3801153950,выжил,,,9.81767,85.41.9,71400,,,,,,,
3801992592,выжил,,,9.81767,,12300,1816,0.986474,,0.19646,False,False,
3804029823,выжил,,,9.81767,80.10,12300,119725,0.446362,1.52382,-0.0143779,False,False,
3804036683,выжил,,,9.81767,56.10,12300,6046,0.809278,,-0.0881929,False,True,убыток_2года
3804041193,выжил,,,9.81767,68.20,12300,,-0.079764,,,True,True,коэффициент_автономии;убыток_2года;ча_отрицательные_2года
3804043232,выжил,,,9.81767,68.31.5,12300,4096,0.411504,,-0.270866,False,False,
3804047565,выжил,,,9.81767,56.10,12165,1560,1,,0.196704,False,False,
3804052244,выжил,,,9.81767,,12100,3467,0.945652,,0.328231,False,False,
3804055809,выжил,,,9.81767,46.73,12300,103785,0.63651,,-0.477998,False,False,
3805730929,выжил,,,9.81767,47.21,12300,0,,,,,False,
3808146084,выжил,,,9.81767,,12300,,-3.88055,,,True,True,коэффициент_автономии;убыток_2года;ча_отрицательные_2года
3808149688,выжил,,,9.81767,93.1,12300,49,1,,0.919804,False,False,падение_выручки
3808151253,выжил,,,9.81767,71.11.1,12300,,1,,,False,,
3808170665,выжил,,,9.81767,46.90,12300,1336,0.37123,,0.476284,False,False,
3808211590,выжил,,,9.81767,47.76.2,12300,,0.398496,,,False,True,убыток_2года
3808224705,выжил,,,9.81767,41.20,12300,18576,0.787755,,-1.64201,False,False,
3808272650,выжил,,,9.81767,46.49.4,12300,27222,1,,,False,False,
3809001934,выжил,,,9.81767,55.10,12300,31251,0.278081,,-10.7529,False,False,
3810002019,выжил,,,9.81767,46.3,12300,1045,0.583824,,-0.0587639,False,False,
3810011140,выжил,,,9.81767,27.90,12300,11678,0.268125,,0.163767,False,False,
3810052059,выжил,,,9.81767,11.07,12267,12153,0.868332,8.26111,-0.261863,False,False,
3810064199,выжил,,,9.81767,68.10.1,12300,683,1,,-0.248629,False,False,
3810070636,выжил,,,9.81767,31.09,12300,1281,0.861868,,-3.3277,False,False,
3811072788,выжил,,,9.81767,69.20,12300,146,0.0555556,,0.44697,False,False,коэффициент_автономии
3811083701,выжил,,,9.81767,,12300,31697,-0.330779,0.999053,0.398368,True,False,коэффициент_автономии;текущая_ликвидность;ча_отрицательные_2года
3811161195,выжил,,,9.81767,68.20.2,12300,26253,0.278098,1.71734,0.0822876,False,False,
3811175800,выжил,,,9.81767,27.90,12300,6274,0.664404,3.48345,-0.160992,False,False,
3811472602,банкрот,2023,ProceedingsStopped,1,41.20,12300,5010,0.0411677,,,,False,коэффициент_автономии
3811475018,выжил,,,9.81767,73.11,12300,650,0.989107,91.8,,False,False,
3812012132,выжил,,,9.81767,,12300,54437,0.165948,0.866918,-0.0456388,False,False,текущая_ликвидность
3812060633,выжил,,,9.81767,,12300,113068,0.905373,7.86163,-0.209258,False,False,
3812151961,выжил,,,9.81767,33.12,12300,14963,0.024143,,-4.16678,False,False,коэффициент_автономии
3812153912,выжил,,,9.81767,70.22,20601,,,,,,,
3812157875,выжил,,,9.81767,25.62,12300,24016,-0.0604712,0.888053,-2.82969,True,False,коэффициент_автономии;текущая_ликвидность;ча_отрицательные_2года
3812526603,выжил,,,9.81767,,12300,714,0.192308,,-1.52297,False,False,
3812535598,выжил,,,9.81767,38.32.3,12300,,-0.221694,,,,False,коэффициент_автономии
3812536753,выжил,,,9.81767,42.21,12300,2725,0.80778,5.20238,,False,False,
3812537080,выжил,,,9.81767,53.20.3,12300,89,-0.145138,,,,,коэффициент_автономии
3816009620,выжил,,,9.81767,02.20,12165,1480,1,,0.420063,False,False,
3816026802,выжил,,,9.81767,41.20,12300,1675,1,,-0.348631,False,,
3816027242,выжил,,,9.81767,,12300,4091,-0.266667,,-0.297906,True,False,коэффициент_автономии;ча_отрицательные_2года
3817036828,выжил,,,9.81767,93.29,12300,24180,0.895253,,-0.776113,False,False,
3818031156,выжил,,,9.81767,82.99,12300,447,0.33908,,-0.383901,False,False,
3827018360,выжил,,,9.81767,68.1,12300,26122,0.695234,0.23605,-1.01078,False,False,текущая_ликвидность
3827050268,выжил,,,9.81767,33.20,12300,54,0.022316,,0.952673,False,True,коэффициент_автономии;падение_выручки;убыток_2года
3827061284,выжил,,,9.81767,17.22,12300,7082,0.104575,1.11679,0.524666,False,False,падение_выручки
3831002242,выжил,,,9.81767,16.10,12300,,0.638239,,,False,True,убыток_2года
3834012672,выжил,,,9.81767,52.21.24,20101,,,,,,,
3848000733,выжил,,,9.81767,46.90,12300,73129,0.569211,2.32132,-0.0570066,False,False,
3848006189,выжил,,,9.81767,22.2,12300,14502,0.605276,2.17483,-0.660408,False,False,
3849054040,выжил,,,9.81767,94.99,20700,,,,,False,,
3849057612,выжил,,,9.81767,68.20.2,12300,7482,0.901205,,-0.357648,False,False,
3849057891,выжил,,,9.81767,71.12.9,12300,2444,0.930614,,0.0924619,False,False,
3849057901,выжил,,,9.81767,80.10,12300,,,,,,,
3849080273,выжил,,,9.81767,41.20,12300,0,0.0322581,1.03558,1,False,False,коэффициент_автономии;падение_выручки
3849080611,выжил,,,9.81767,10.11,20100,4486,,,,,False,
3851994059,выжил,,,9.81767,68.20.2,12300,187,0.947115,18.9091,-5.44828,False,False,
3904607806,выжил,,,9.81767,56.1,12300,2515,-0.760167,,-0.425737,True,False,коэффициент_автономии;ча_отрицательные_2года
3904609338,выжил,,,9.81767,,12300,33918,0.946628,,-0.0646954,False,False,
3905030367,выжил,,,9.81767,71.11.1,12300,23823,0.277393,,0.0332752,False,False,
3905087941,выжил,,,9.81767,43.39,12300,,,,,False,,
3906154380,выжил,,,9.81767,49.4,12300,2022,0.0652281,,,,False,коэффициент_автономии
3906220730,выжил,,,9.81767,41.20,12300,,0.197895,0.538624,,False,False,текущая_ликвидность
3906250693,выжил,,,9.81767,47.99.2,12300,26404,-0.355562,,-0.285116,True,False,коэффициент_автономии;ча_отрицательные_2года
3906253736,выжил,,,9.81767,46.72.21,12300,51036,0.476859,,-4.72409,False,False,
3906274969,выжил,,,9.81767,25.1,12300,172,,,-0.535714,False,False,
3906286227,выжил,,,9.81767,46.61.1,12300,9995,0.327791,,-0.1511,False,False,
3906303000,выжил,,,9.81767,,12165,8313,0.965256,28.7819,-1.68768,False,False,
3906344729,выжил,,,9.81767,47.41,12300,20722,0.548173,2.96849,0.479307,False,False,
3906355625,выжил,,,9.81767,,12300,58,0.825607,,0.862559,False,False,падение_выручки
3906367356,выжил,,,9.81767,46.90,12300,,,,,,,
3906382570,выжил,,,9.81767,47.78,12300,12252,0.957426,,0.0469078,False,False,
3906390323,выжил,,,9.81767,49.41,12300,,-10.7143,,,True,True,коэффициент_автономии;убыток_2года;ча_отрицательные_2года
3906395321,выжил,,,9.81767,93.12,71400,0,,1,,,False,
3906402071,выжил,,,9.81767,46.74,12300,897,-0.227758,,,,False,коэффициент_автономии
3906407866,выжил,,,9.81767,95.11,12300,,1,,,,,
3906952967,выжил,,,9.81767,69.20.2,12300,550,0.930796,,-0.1,False,False,
3906954107,выжил,,,9.81767,71.20.1,12300,4967,0.949933,,-0.0365192,False,False,
3906973340,выжил,,,9.81767,46.90,12300,37650,0.493485,1.97465,0.342634,False,False,
3907032948,выжил,,,9.81767,49.41,12300,88487,0.87797,,-1.11035,False,False,
3907062477,выжил,,,9.81767,47.99.1,65000,4621,0.795548,6.2886,,False,False,
3911007951,выжил,,,9.81767,,12100,21391,0.808526,,0.0798383,False,False,
3912502483,банкрот,2022,ProceedingsStopped,1,43.29,12300,3874,0.373626,,0.89478,False,False,падение_выручки
3913001144,выжил,,,9.81767,35.30,65243,199166,0.299099,0.542584,-0.120263,False,False,текущая_ликвидность
3913011008,выжил,,,9.81767,68.20.2,12300,26477,0.963024,6.10969,-0.144704,False,False,
3917024209,выжил,,,9.81767,68.2,12300,,-16.6,,,True,False,коэффициент_автономии;ча_отрицательные_2года
3917026703,выжил,,,9.81767,,12300,17945,0.736792,1.72291,-2.4116,False,False,
3917041042,выжил,,,9.81767,49.4,12300,106064,0.174953,,-0.230926,False,False,
3917500017,выжил,,,9.81767,80.10,19000,2309,1,,-0.215263,False,False,
3918011107,выжил,,,9.81767,01.11,12300,1847,0.671708,,0.060529,False,False,
3918503476,выжил,,,9.81767,69.20,12300,656,0.422222,,-0.173524,False,False,
3923500086,выжил,,,9.81767,01.4,14100,250,0.769237,1.24558,0.938499,False,False,падение_выручки
4005003605,выжил,,,9.81767,81.29.9,65243,20549,0.926782,6.76211,-0.216277,False,False,
4007021303,выжил,,,9.81767,01.41.11,12300,45328,0.519582,2.79858,0.157268,False,False,
4009009365,выжил,,,9.81767,,12300,7558,0.00292176,,-0.0693265,False,False,коэффициент_автономии
4011024554,выжил,,,9.81767,68.32,20702,,,,,,,
4025012157,выжил,,,9.81767,46.73,12300,0,1,,,False,False,
4025079017,выжил,,,9.81767,68.20.2,12300,13208,0.426576,,-0.181501,False,False,
4025418559,выжил,,,9.81767,18.12,12300,9667,0.804688,,-0.892522,False,False,
4025457854,выжил,,,9.81767,56.29.2,12300,,1,,,,,
4025458255,выжил,,,9.81767,41.20,12300,14857,0.00638258,1.00642,,False,False,коэффициент_автономии
4027065010,выжил,,,9.81767,41.20,12300,3453,0.500265,,-0.161063,False,False,
4027100137,выжил,,,9.81767,70.22,12300,,1,,,False,,
4027101010,выжил,,,9.81767,46.75.2,12300,4289,0.689373,,-2.156,False,False,
4027106033,выжил,,,9.81767,68.20,12300,5397,1,,0.227344,False,False,
4027108672,выжил,,,9.81767,47.52,12300,,,,,,,
4027117388,банкрот,2023,ProceedingsStopped,1,69.10,12300,599,0.0254261,,0.4365,False,False,коэффициент_автономии
4027141976,выжил,,,9.81767,,20200,247,0.0111732,,,False,False,коэффициент_автономии
4028029543,банкрот,2023,Watching,1,,12300,30092,-0.122588,0.745807,0.654365,True,True,коэффициент_автономии;падение_выручки;текущая_ликвидность;убыток_2года;ча_отрицательные_2года
4028047599,выжил,,,9.81767,41.20,12300,0,0.873576,7.33751,1,False,True,падение_выручки;убыток_2года
4028070799,банкрот,2024,ProceedingsStopped,1,46.73.6,12300,108271,0.113261,,-43.2645,False,False,
4029025654,выжил,,,9.81767,09.90,12300,295322,0.185945,1.12637,-0.338582,False,False,
4029062247,выжил,,,9.81767,,20201,,,91.3333,,,,
4100039954,выжил,,,9.81767,94.99,50000,,1,,,False,,
4101006158,выжил,,,9.81767,87.90,20200,0,,,,,False,
4101129248,выжил,,,9.81767,68.20.2,19000,10163,0.0445509,1.0322,-0.119027,False,False,коэффициент_автономии
4101163440,выжил,,,9.81767,68.32,28016,,,1.05464,,,,
4101182065,выжил,,,9.81767,,12300,12384,0.741502,,0.0187005,False,False,
4101189688,выжил,,,9.81767,69.10,12300,0,1,,1,False,False,падение_выручки
4102007860,выжил,,,9.81767,33.15,12200,466841,0.492069,1.94307,-0.72094,False,False,
4102012193,выжил,,,9.81767,93.12,71400,,,8.75,,,True,убыток_2года
4105020932,выжил,,,9.81767,68.32.2,20702,,,,,False,,
4105025345,выжил,,,9.81767,01.70,12300,,1,,,False,,
4105030754,выжил,,,9.81767,47.25.1,12300,38248,0.961858,,0.200919,False,False,
4105039556,банкрот,2024,ProceedingsStopped,1,,12300,146027,-0.188464,0.975892,-0.216811,True,False,коэффициент_автономии;текущая_ликвидность;ча_отрицательные_2года
4105040262,выжил,,,9.81767,79.11,12300,120116,0.485982,,-1.8504,False,False,
4108007150,банкрот,2024,Tender,1,96.04,65143,17090,-1.32442,0.430214,-4.23751,True,True,коэффициент_автономии;текущая_ликвидность;убыток_2года;ча_отрицательные_2года
4108008281,выжил,,,9.81767,,12300,3152,0.911248,,0.0898065,False,False,
4202048764,выжил,,,9.81767,42.21,12300,0,0.0105092,,1,False,False,коэффициент_автономии;падение_выручки
4202050925,выжил,,,9.81767,94.99,20702,,,,,,,
4202052859,выжил,,,9.81767,94.99,75505,,1,,,False,,
4202053877,банкрот,2023,Tender,1,46.69,12300,6294,0.0665075,1.90761,0.615258,False,False,коэффициент_автономии;падение_выручки
4205052448,банкрот,2022,ProceedingsFinished,1,46.49,12200,483,0.896031,5.6608,-0.65411,False,True,убыток_2года
4205184067,выжил,,,9.81767,,12300,485,-0.209115,,0.419162,False,False,коэффициент_автономии
4205198503,выжил,,,9.81767,68.32.2,20700,,,,,False,,
4205209353,выжил,,,9.81767,22.23,12300,2057,-0.145815,7.42949,-1.45465,True,False,коэффициент_автономии;ча_отрицательные_2года
4205225355,выжил,,,9.81767,71.2,12300,21021,0.618302,,0.00208877,False,False,
4205312953,выжил,,,9.81767,47.62.2,12300,11417,0.98832,,-0.0142134,False,False,
4205315270,выжил,,,9.81767,46.34.23,12300,31561,0.936587,,0.0469274,False,False,
4205363860,выжил,,,9.81767,69.10,12300,,0.20155,0.76699,,False,,текущая_ликвидность
4205370458,выжил,,,9.81767,42.21,12300,0,1,,,False,False,
4205388455,выжил,,,9.81767,52.24,12300,9468,0.28046,1.38978,-0.673383,False,False,
4205393430,выжил,,,9.81767,68.32,12300,1809,0.241252,1.46164,,False,False,
4209012615,выжил,,,9.81767,86.23,10000,26282,0.703872,,-0.363033,False,False,
4211020557,выжил,,,9.81767,49.41.2,12300,519,0.977076,43.6222,0.735609,False,False,падение_выручки
4212039127,выжил,,,9.81767,41.20,12300,6296,0.36334,,0.840045,False,False,падение_выручки
4217076387,выжил,,,9.81767,49.41.1,12300,1203,0.514249,,0.714591,False,False,падение_выручки
4217116791,выжил,,,9.81767,94.99,20200,,,,,,,
4217150584,банкрот,2022,ProceedingsStopped,1,46.69.9,12300,,,,,False,,
4217177882,выжил,,,9.81767,64.92,12300,,1,,,False,True,убыток_2года
4217183999,выжил,,,9.81767,41.20,12300,,1,,,False,,
4217188637,выжил,,,9.81767,68.20,12300,8956,0.170806,,-5.15533,False,False,
4217198321,выжил,,,9.81767,49.41,12300,3413,0.150767,1.55086,0.351141,False,False,
4217203758,выжил,,,9.81767,52.21.24,20101,,,,,False,,
4220024607,выжил,,,9.81767,69.10,12300,1788,0.998404,,0,False,False,
4220040817,выжил,,,9.81767,,12300,415042,0.420473,1.72699,0.293372,False,False,
4220043656,выжил,,,9.81767,,12300,4047,0.0139197,0.270275,-0.368154,False,False,коэффициент_автономии;текущая_ликвидность
4222014964,выжил,,,9.81767,47.59.1,12165,17885,-0.570602,,0.173712,True,True,коэффициент_автономии;убыток_2года;ча_отрицательные_2года
4223120764,выжил,,,9.81767,47.11,12300,3180,0.609756,,0.702526,False,False,падение_выручки
4228008050,выжил,,,9.81767,,12300,191667,-0.637709,0.390891,-0.145169,True,False,коэффициент_автономии;текущая_ликвидность;ча_отрицательные_2года
4228008371,выжил,,,9.81767,41.20,12300,48893,0.164194,,0.667743,False,False,падение_выручки
4230028791,выжил,,,9.81767,35.30.4,12300,17170,0.712992,,-0.273172,False,False,
4230028872,выжил,,,9.81767,79.1,12300,12,1,,0.647059,False,False,падение_выручки
4230032364,выжил,,,9.81767,71.12.4,12300,0,,,1,False,False,падение_выручки
4230034347,выжил,,,9.81767,68.32.1,12300,,1,,,False,,
4237002859,выжил,,,9.81767,,12300,4410,0.139012,5.56926,-0.53873,False,False,
4238010757,выжил,,,9.81767,68.32.2,20700,,,,,,,
4244000281,выжил,,,9.81767,96.02,65143,,,,,False,,
4252013005,выжил,,,9.81767,56.29,12300,107,0.0454545,,-0.945455,False,False,коэффициент_автономии
4253006138,банкрот,2023,ProceedingsStopped,1,49.3,12300,,,,,False,,
4253028685,банкрот,2023,ProceedingsStopped,1,23.70.1,12300,44340,-0.109749,,0.224527,True,False,коэффициент_автономии;ча_отрицательные_2года
4253047053,выжил,,,9.81767,43.22,12300,880,0.0666667,,-0.746032,False,False,коэффициент_автономии
4303006464,выжил,,,9.81767,20.14.7,12300,9841,0.462537,1.38459,-0.449124,False,False,
4309005241,выжил,,,9.81767,47.11,10000,12939,1,,0.067056,False,False,
4311001854,выжил,,,9.81767,47.2,65000,12324,1,,0.433614,False,False,
4312156956,выжил,,,9.81767,41.20,12300,,1,,,,,
4317007436,выжил,,,9.81767,47.11,12300,1599,1,,0.414286,False,False,
4330008372,выжил,,,9.81767,47.64.2,19000,8938,0.00472813,,-0.0925315,False,False,коэффициент_автономии
4337003599,выжил,,,9.81767,02.20,12300,223470,0.163563,1.78974,-0.816371,False,False,
4341011930,выжил,,,9.81767,,20101,,,,,,,
4345107432,выжил,,,9.81767,68.32,12300,16645,-0.812192,,-0.0715205,True,True,коэффициент_автономии;убыток_2года;ча_отрицательные_2года
4345109648,выжил,,,9.81767,71.11.1,12300,17865,1,,-2.31878,False,False,
4345114817,выжил,,,9.81767,68.32.1,20716,,,1.02203,,,,
4345162585,выжил,,,9.81767,,12300,5335,0.980132,,0.68417,False,False,падение_выручки
4345327043,выжил,,,9.81767,79.1,12300,,,,,,,
4345342965,выжил,,,9.81767,71.12,12300,28151,0.930359,,-0.325189,False,False,
4345418879,выжил,,,9.81767,43.99,12300,,1,,,False,,
4345423759,выжил,,,9.81767,56.10,12300,20909,0.548234,,-0.904281,False,False,
4345432295,выжил,,,9.81767,,12300,8655,0.987133,77.72,,False,False,
4345455091,выжил,,,9.81767,94.11,20601,10568,0.0514706,1.05426,-0.741595,False,False,коэффициент_автономии
4345467428,выжил,,,9.81767,46.73,12300,,1,,,,,
4345487569,выжил,,,9.81767,01.11,12300,8318,0.175832,0.783392,-0.824523,False,False,текущая_ликвидность
4345501630,выжил,,,9.81767,86.21,12300,32766,0.171391,,-4.75852,False,False,
4346042668,выжил,,,9.81767,52.10.9,20101,,,,,,,
4400001207,выжил,,,9.81767,47.91.2,10000,0,0.193548,,,,False,
4401017834,выжил,,,9.81767,35.23,12300,1.46035e+07,0.928385,13.3596,-0.0296084,False,False,
4401162750,выжил,,,9.81767,38.32.2,12300,,0.0114355,,,False,False,коэффициент_автономии
4401179120,выжил,,,9.81767,46.73,12300,,-1,0.5,,False,True,коэффициент_автономии;текущая_ликвидность;убыток_2года
4401181665,выжил,,,9.81767,68.20,12300,1403,1,,0.465524,False,,
4401182108,выжил,,,9.81767,46.49.49,12300,34111,0.977986,,0.672129,False,False,падение_выручки
4401186198,выжил,,,9.81767,,12300,115,1,,0.646154,False,False,падение_выручки
4407000146,выжил,,,9.81767,46.73.1,12300,90000,-0.832107,,-6.73661,True,False,коэффициент_автономии;ча_отрицательные_2года
4407009773,выжил,,,9.81767,68.32.1,20716,0,,,,False,False,
4431001038,выжил,,,9.81767,52.21.24,20101,,,,,,,
4437000496,выжил,,,9.81767,94.99,71400,0,,,,,,
4501033050,выжил,,,9.81767,,20702,,,,,,,
4501043490,выжил,,,9.81767,68.32.2,20700,,,,,False,,
4501093660,выжил,,,9.81767,68.31.5,12300,,1,,,False,,
4501106421,выжил,,,9.81767,,12300,26208,0.55594,,-0.309811,False,False,
4501123272,выжил,,,9.81767,94.99,20200,,,,,False,,
4501125054,выжил,,,9.81767,46.73,12300,23392,0.638452,2.62534,-0.736471,False,False,
4501154658,выжил,,,9.81767,41.2,12300,188,0,,0.929746,,False,коэффициент_автономии;падение_выручки
4501166533,выжил,,,9.81767,37.00,12300,2156,1,,,False,,
4501218728,выжил,,,9.81767,47.52.73,12300,27449,0.983598,,0.53209,False,False,падение_выручки
4501223358,выжил,,,9.81767,94.99,20200,,,,,False,,
4502022319,выжил,,,9.81767,93.19,12165,433,0.0189707,,-11.0278,False,False,коэффициент_автономии
4510020964,выжил,,,9.81767,,12300,9003,0.949004,18.138,-0.545314,False,False,
4513007802,выжил,,,9.81767,47.11,12300,9234,0.824672,,-0.125,False,False,
4516003122,выжил,,,9.81767,,50101,6168,0.696233,,-0.130913,False,False,
4620014843,выжил,,,9.81767,01.41,12300,1199,0.299469,0.648061,-7.6259,False,False,текущая_ликвидность
4625006444,выжил,,,9.81767,46.32,12300,,0.336915,,,False,,
4629019518,банкрот,2022,Tender,1,,65241,2080,-1.1175,0.433303,-0.0436528,True,True,коэффициент_автономии;текущая_ликвидность;убыток_2года;ча_отрицательные_2года
4632047402,выжил,,,9.81767,41.20,12300,0,0.859375,2.26667,1,False,True,падение_выручки;убыток_2года
4632065056,выжил,,,9.81767,73.20.1,20614,0,,,,,False,
4632078344,выжил,,,9.81767,47.78.9,12300,108,0.871118,,0.824104,False,True,падение_выручки;убыток_2года
4632081080,банкрот,2024,Tender,1,46.69.5,12300,290860,0.00899447,1.00729,0.0735851,False,False,коэффициент_автономии
4632180549,выжил,,,9.81767,43.21,12300,16215,0.805357,,0.481186,False,False,
4632188731,выжил,,,9.81767,52.29,12300,577,1,,-0.235546,False,False,
4632197278,банкрот,2024,ProceedingsFinished,1,64.99.3,12300,,-0.00143586,2.40346e-05,,True,True,коэффициент_автономии;текущая_ликвидность;убыток_2года;ча_отрицательные_2года
4632224443,выжил,,,9.81767,46.69,12300,320371,0.044263,1.04631,-23.7601,False,,коэффициент_автономии
4632253074,выжил,,,9.81767,86.23,12300,7743,0.353013,,-58.1069,False,False,
4632278640,выжил,,,9.81767,46.74.2,12300,795,1,,,False,False,
4632282685,выжил,,,9.81767,46.73.6,12300,7233,1,,,False,False,
4633040417,выжил,,,9.81767,23.99.3,12300,3444,0.280542,1.38994,0.997069,False,False,падение_выручки
4702006931,выжил,,,9.81767,01.19,20702,,0,1,,False,False,коэффициент_автономии
4702016859,выжил,,,9.81767,,12300,47624,0.967032,,-0.21969,False,False,
4702017771,выжил,,,9.81767,38.11,12300,167545,0.103171,,-0.321343,False,False,
4703025172,выжил,,,9.81767,,20702,,,,,,,
4703064012,банкрот,2022,Tender,1,68.32.1,65200,74899,0.0615526,,-0.0473334,False,False,коэффициент_автономии
4703096529,банкрот,2022,ProceedingsStopped,1,,12300,,1,,,False,,
4703124600,выжил,,,9.81767,68.10,12300,583,0.999529,,,False,True,убыток_2года
4703164144,выжил,,,9.81767,,20616,,,1.20093,,,,
4703184694,выжил,,,9.81767,10.84,12300,19284,0.021904,,,,False,коэффициент_автономии
4704006630,выжил,,,9.81767,68.20.2,12300,,,,,True,,ча_отрицательные_2года
4704028874,выжил,,,9.81767,68.32.2,20702,,,,,,,
4704087573,выжил,,,9.81767,68.32.2,20702,,,1.18574,,,False,
4705018798,банкрот,2022,ProceedingsStopped,1,46.18.99,12300,2049,0.840092,,-0.864422,False,False,
4705073439,выжил,,,9.81767,49.20,12300,21513,1,,0.420385,False,False,
4705088932,выжил,,,9.81767,10.71,12300,426653,0.0394696,,,,False,коэффициент_автономии
4707028657,выжил,,,9.81767,47.1,12300,220,0.520535,1.87177,0.07173,False,False,
4707034121,выжил,,,9.81767,45.3,19000,,,,,False,,
4708011543,выжил,,,9.81767,,12300,77806,0.910397,,0.714312,False,False,падение_выручки
4708012466,выжил,,,9.81767,,20702,,,,,,,
4710032237,выжил,,,9.81767,85.42.1,12300,2956,0.739445,,0.171989,False,False,
4712125800,выжил,,,9.81767,68.32.2,20702,9,,10.1264,,,False,
4714022060,выжил,,,9.81767,58,12300,,0.87619,,,False,,
4715030064,выжил,,,9.81767,41.20,12300,,1,,,False,False,
4716037672,выжил,,,9.81767,43.99.4,12300,66793,0.0505855,,-1.24998,False,False,коэффициент_автономии
4719025812,выжил,,,9.81767,46.44.1,12300,68163,0.849559,,-0.131317,False,False,
4720006878,выжил,,,9.81767,68.32.2,20702,210,0,,0.618182,,False,коэффициент_автономии;падение_выручки
4720008025,выжил,,,9.81767,68.32.2,20701,,1,,,False,,
4720008762,выжил,,,9.81767,68.32.2,20702,,,,,,,
4725484959,выжил,,,9.81767,64.99,12300,0,0.999884,,,False,False,
4802001366,выжил,,,9.81767,46.49,12300,1147,1,,0.609465,False,False,падение_выручки
4805000681,выжил,,,9.81767,95.22.1,12300,,,,,False,,
4811008336,выжил,,,9.81767,47.11,12300,6870,0.907566,,-0.731351,False,False,
4823073298,выжил,,,9.81767,46.73,12300,5947,0.119002,,0.269141,False,False,
4824042944,выжил,,,9.81767,68.32.2,20716,848,0,,-0.0303767,,True,коэффициент_автономии;убыток_2года
4824103160,выжил,,,9.81767,79.11,12300,,,,,False,,
4825140616,выжил,,,9.81767,49.32,12300,1137,0.0694473,,,,False,коэффициент_автономии
4825140750,выжил,,,9.81767,43.29,12300,,0.338014,1.49097,,False,,
4826000315,выжил,,,9.81767,96.02,12300,231,1,,0.487805,False,False,
4826021121,выжил,,,9.81767,68.20.2,12247,6869,0.140304,,-0.0117838,False,False,
4826055804,выжил,,,9.81767,46.69,19000,559308,0.319381,1.45782,-0.301085,False,False,
4826066299,выжил,,,9.81767,45.31,12165,123716,0.212203,,-0.672538,False,False,
4826086947,банкрот,2024,Tender,1,49.41,12300,45054,0.0283119,,0.0985053,False,False,коэффициент_автономии
4826090943,выжил,,,9.81767,94.99,20200,150,,,,,False,
4826146995,выжил,,,9.81767,,12300,130460,0.00287522,1.68079,,False,False,коэффициент_автономии
4900000057,выжил,,,9.81767,94.99,20200,,,,,,,
4900010168,банкрот,2024,Tender,1,38.21,12300,20499,-0.110434,0.899892,,False,False,коэффициент_автономии;текущая_ликвидность
4909097653,выжил,,,9.81767,07.29.41,12300,18211,0.932155,,0.905484,False,False,падение_выручки
4909120006,выжил,,,9.81767,05.10.13,12300,762166,0.789998,4.2818,-0.0770533,False,False,
4909124610,выжил,,,9.81767,85.42.9,71400,10,,1.00295,0.655172,,False,падение_выручки
4909132763,выжил,,,9.81767,85.41,12300,25,-1.03448,,,,False,коэффициент_автономии
5001075512,выжил,,,9.81767,45.3,12300,,1,,,False,,
5001132841,выжил,,,9.81767,10.39,12300,,1,,,False,,
5003104046,выжил,,,9.81767,03.12,12300,33382,0.953485,,-0.343989,False,False,
5003114968,выжил,,,9.81767,46.13.2,12300,113366,0.181837,1.20504,0.479669,False,False,
5003117912,выжил,,,9.81767,,12300,12783,0.723778,,0.298139,False,False,
5003129210,выжил,,,9.81767,45.32,12300,1195,-26.15,,-0.0328436,True,True,коэффициент_автономии;убыток_2года;ча_отрицательные_2года
5003146159,выжил,,,9.81767,46.32,12300,1221,-0.0234483,0.984386,,False,False,коэффициент_автономии;текущая_ликвидность
5005050678,выжил,,,9.81767,73.1,12300,2783,-0.811404,,-0.193396,True,False,коэффициент_автономии;ча_отрицательные_2года
5005069982,выжил,,,9.81767,41.20,12300,67,-0.106982,0.903357,,False,False,коэффициент_автономии;текущая_ликвидность
5007019578,выжил,,,9.81767,68.32.2,20702,,-0.63,,,,True,коэффициент_автономии;убыток_2года
5007020245,выжил,,,9.81767,68.32.2,20702,,,,,,,
5007057492,выжил,2025,Tender,9.81767,70.22,12300,11081,0.19112,1.76687,0.53883,False,False,падение_выручки
5007087200,выжил,,,9.81767,46.33,12300,637837,-0.234286,0.942555,-0.161374,True,False,коэффициент_автономии;текущая_ликвидность;ча_отрицательные_2года
5007111460,выжил,,,9.81767,53.20.3,12300,719,-0.100379,,,,False,коэффициент_автономии
5007112200,выжил,,,9.81767,,12300,11743,-0.185012,0.843874,,False,False,коэффициент_автономии;текущая_ликвидность
5007113997,выжил,,,9.81767,47.78.2,12300,,,,,False,,
5009010147,выжил,,,9.81767,,20101,,0,1,,False,False,коэффициент_автономии
5009047595,выжил,,,9.81767,63.11.1,12300,0,0.886133,,1,False,True,падение_выручки;убыток_2года
5009070770,выжил,,,9.81767,46.34,12300,2.96453e+06,0.0912384,1.09689,-0.0472374,False,False,коэффициент_автономии
5009113015,выжил,,,9.81767,47.11,12300,19565,0.523167,,0.622137,False,False,падение_выручки
5009123990,выжил,,,9.81767,46.46.1,12300,170766,0.482715,1.93317,,False,False,
5009126649,выжил,,,9.81767,46.73,12300,10770,0.867526,,,,False,
5010033935,выжил,,,9.81767,95.1,10000,1177,0.99778,,-0.0888067,False,False,
5011036008,выжил,,,9.81767,31.01,12300,61228,0.0767161,1.04243,-1.80875,False,False,коэффициент_автономии
5011038453,выжил,,,9.81767,22.19,12300,140260,0.128608,,-0.434034,False,False,
5012033401,выжил,,,9.81767,33.12,12300,14621,0.472505,,-0.266984,False,False,
5012103850,выжил,,,9.81767,69.20.1,12300,7346,0.616246,,0.231992,False,False,
5014009531,выжил,,,9.81767,94.99,20200,,,,,,,
5014011795,выжил,,,9.81767,11.05,12300,120,-1.2766,,0.756098,True,True,коэффициент_автономии;падение_выручки;убыток_2года;ча_отрицательные_2года
5016010356,выжил,,,9.81767,68.20,12300,190,0.827801,,-0.583333,False,True,убыток_2года
5017035579,выжил,,,9.81767,68.20.2,12300,0,,,,False,False,
5017070929,выжил,,,9.81767,,12300,233610,0.63152,,-1.00183,False,False,
5017088274,выжил,,,9.81767,68.32,20618,,,,,,True,убыток_2года
5017089905,банкрот,2024,Tender,1,68.32,12300,138150,-0.00117616,0.934667,-1.21686,True,False,коэффициент_автономии;текущая_ликвидность;ча_отрицательные_2года
5017112008,банкрот,2022,ProceedingsFinished,1,47.76.1,12165,2474,,,0.569664,False,False,падение_выручки
5017122920,выжил,,,9.81767,43.22,12300,2392,-0.481481,,-2.7375,True,True,коэффициент_автономии;убыток_2года;ча_отрицательные_2года
5018107610,выжил,,,9.81767,68.31,12300,,,,,True,False,ча_отрицательные_2года
5018121693,выжил,,,9.81767,43.21,12300,16053,0.491799,,0.0286216,False,False,
5018189740,выжил,,,9.81767,49.41,12300,0,0.741848,,1,False,False,падение_выручки
5019027911,выжил,,,9.81767,46.77,12300,4766,-0.345144,4.56287,-5.71268,True,False,коэффициент_автономии;ча_отрицательные_2года
5020017393,выжил,,,9.81767,,20702,,0,,,,,коэффициент_автономии
5020027546,банкрот,2023,Tender,1,23.19.5,12300,857770,0.00540337,0.761457,-0.754138,False,False,коэффициент_автономии;текущая_ликвидность
5021016032,выжил,,,9.81767,23.61,12300,23210,0.353743,,-0.126371,False,False,
5022016797,выжил,,,9.81767,41.1,12300,13236,-1.22105,0.450238,-0.134676,True,False,коэффициент_автономии;текущая_ликвидность;ча_отрицательные_2года
5022027728,выжил,,,9.81767,68.32.1,20102,,1,,,False,,
5022049256,выжил,,,9.81767,,12300,10111,0.141537,,-1.41716,False,False,
5022055838,выжил,,,9.81767,52.29,12300,12721,0.0486551,1.11252,-0.893288,False,False,коэффициент_автономии
5022998448,выжил,,,9.81767,85.11,71400,12616,,1,-0.599797,,,
5024070454,выжил,,,9.81767,47.73,12300,64648,0.981923,,-2.40647,False,False,
5024140091,выжил,,,9.81767,43.91,12300,42630,0.00505265,1.03812,,False,False,коэффициент_автономии
5024141176,выжил,,,9.81767,96.04,12300,841,-3.06061,,-1.34262,True,False,коэффициент_автономии;ча_отрицательные_2года
5024142476,выжил,,,9.81767,69.10,12165,8778,0.143305,1.16678,-0.0466198,False,False,
5024202608,выжил,2025,Tender,9.81767,41.20,12300,,0.538462,2.16667,,False,False,
5025008561,выжил,,,9.81767,47.11,12300,7208,0.97391,5.08042,0.49941,False,False,
5025015150,выжил,,,9.81767,,12300,295371,0.488245,,-0.496262,False,False,
5025023979,банкрот,2022,ProceedingsStopped,1,,12300,15683,-0.073955,,0.557877,False,False,коэффициент_автономии;падение_выручки
5025030408,выжил,,,9.81767,86.23,12300,36414,0.747202,,-1.01561,False,False,
5027079783,выжил,,,9.81767,47.99,12300,0,0.974235,,1,False,False,падение_выручки
5027120657,выжил,,,9.81767,,12300,111307,0.931347,,-0.0300672,False,False,
5027148638,выжил,,,9.81767,80.10,12300,28509,0.0219227,1.49375,0.0589536,False,False,коэффициент_автономии
5027219416,выжил,,,9.81767,69.20.2,12165,722,0.743243,,-0.11592,False,False,
5027222144,выжил,,,9.81767,,12300,45818,0.245651,,-0.189367,False,False,
5027228428,выжил,,,9.81767,14.13,12300,,1,,,False,,
5027284461,выжил,,,9.81767,43.39,12300,4741,0.517288,,-0.46644,False,False,
5027294565,банкрот,2024,Tender,1,41.20,12300,152128,0.092522,,,,False,коэффициент_автономии
5027294766,выжил,,,9.81767,71.12.2,12300,531,-0.00222621,51.2542,,False,False,коэффициент_автономии
5028036158,выжил,,,9.81767,41.20,12300,29023,0.306462,2.77497,-2.67147,False,False,
5029045564,выжил,,,9.81767,68.20,12300,1306,-1.17469,1.0431,-0.141608,True,True,коэффициент_автономии;убыток_2года;ча_отрицательные_2года
5029051920,выжил,,,9.81767,01.70,12300,1027,0.997881,,-0.446479,False,False,
5029103600,выжил,,,9.81767,,20614,,,,,,,
5029119181,выжил,,,9.81767,,12300,6287,0.523227,,0.420286,False,False,
5029135539,выжил,,,9.81767,43.21,12300,83,-0.407064,,0.945574,True,True,коэффициент_автономии;падение_выручки;убыток_2года;ча_отрицательные_2года
5029143794,выжил,,,9.81767,85.22,75500,,,,,,,
5029173943,выжил,,,9.81767,46.3,12165,,-0.745669,,,True,True,коэффициент_автономии;убыток_2года;ча_отрицательные_2года
5030022949,выжил,,,9.81767,68.32.2,20100,,,-0.475738,,,False,текущая_ликвидность
5030055694,выжил,,,9.81767,68.10.1,12300,970934,0.429376,5.76949,0.320119,False,False,
5030092791,выжил,,,9.81767,84.11.3,75404,0,,0.858469,,,False,текущая_ликвидность
5031058257,выжил,,,9.81767,46.16,12165,8891,0.940895,,0.114795,False,False,
5031088639,выжил,,,9.81767,26.51.5,12300,43058,1,,-0.316316,False,False,
5031097866,выжил,,,9.81767,68.32.2,20702,,0,1,,False,,коэффициент_автономии
5031108726,выжил,,,9.81767,69.20,12300,818,0.90289,,-80.8,False,False,
5031131644,выжил,,,9.81767,68.32,12300,0,0.00655447,,1,False,False,коэффициент_автономии;падение_выручки
5032011325,выжил,,,9.81767,,12300,19774,0.843005,2.75586,-0.111648,False,False,
5032032572,выжил,,,9.81767,68.20.2,12300,,1,,,False,True,убыток_2года
5032040044,выжил,,,9.81767,,75505,55159,-0.370293,0.456145,-0.778978,True,False,коэффициент_автономии;текущая_ликвидность;ча_отрицательные_2года
5032051977,выжил,,,9.81767,68.32.1,12300,22415,0.378891,47.3451,-0.00646581,False,False,
5032183525,банкрот,2023,Watching,1,68.3,12300,475,0.167693,,0.87036,False,False,падение_выручки
5032254303,выжил,,,9.81767,46.38.1,12300,0,-5.28272,,,True,True,коэффициент_автономии;убыток_2года;ча_отрицательные_2года
5032268761,банкрот,2022,ProceedingsStopped,1,01.2,12165,0,-1.01045,,1,True,True,коэффициент_автономии;падение_выручки;убыток_2года;ча_отрицательные_2года
5032269620,выжил,,,9.81767,47.25,12300,1.37726e+06,-0.0938003,0.770769,-0.597583,True,False,коэффициент_автономии;текущая_ликвидность;ча_отрицательные_2года
5032300084,выжил,,,9.81767,56.10,12300,0,,,,False,False,
5032300782,банкрот,2023,Tender,1,41.20,12300,102789,0.0879177,1.08888,0.550757,False,False,коэффициент_автономии;падение_выручки
5032301987,выжил,,,9.81767,,12300,27254,-0.129243,,0.115245,True,False,коэффициент_автономии;ча_отрицательные_2года
5032313968,выжил,,,9.81767,55.10,12300,21946,0.476633,,0.214672,False,False,
5032321052,выжил,,,9.81767,41.20,12300,,-0.25,0.8,,False,True,коэффициент_автономии;текущая_ликвидность;убыток_2года
5032321408,выжил,,,9.81767,41.20,12300,2230,0.375,,-1.41866,False,False,
5032330811,выжил,,,9.81767,43.22,12300,,,,,,False,
5032336612,выжил,,,9.81767,88.91,12300,,,,,False,,
5034017643,выжил,2026,Watching,9.81767,42.21,12300,20678,0.100578,,-0.109394,False,False,
5034033003,выжил,,,9.81767,94.99,20200,,,,,,,
5035023287,выжил,,,9.81767,68.32.2,20702,,,,,,,
5035035290,выжил,,,9.81767,52.21.24,20101,,,,,,,
5036056165,выжил,,,9.81767,,12300,25612,0.660609,,-0.0683686,False,False,
5036121400,выжил,,,9.81767,47.71,12300,1985,,,0.422461,,False,
5036128518,выжил,,,9.81767,46.69.5,12165,28643,0.880446,,0.102719,False,False,
5036132031,выжил,,,9.81767,,12300,0,1,,,False,,
5036134536,выжил,,,9.81767,45.1,12165,0,0.979927,,,False,False,
5036149349,выжил,,,9.81767,,12300,1764,0.386193,,-0.324324,False,True,убыток_2года
5036167860,выжил,,,9.81767,93.12,71400,,,,,,,
5038042672,выжил,,,9.81767,47.21,12300,,0.568734,,,False,False,
5038096438,выжил,,,9.81767,43.21,12300,0,0.610738,2.56897,1,False,False,падение_выручки
5038115112,банкрот,2024,Tender,1,41.20,12300,29373,0.0181598,1.01975,,False,False,коэффициент_автономии
5038120987,выжил,,,9.81767,46.65,12300,80774,0.365332,,0.0769002,False,False,
5038131690,выжил,,,9.81767,41.20,12300,378,0.395825,,,False,False,
5040003568,выжил,,,9.81767,47.11,12300,15280,0.671449,3.04367,0.3064,False,False,
5040009182,выжил,,,9.81767,70.2,12300,1355,,,,,False,
5040057316,выжил,,,9.81767,86.21,12300,3629,0.960635,,-0.0552486,False,False,
5040057926,выжил,,,9.81767,,20702,0,,,,,False,
5040078147,выжил,,,9.81767,86.23,12300,25878,0.95811,,-0.358354,False,False,
5040097291,выжил,,,9.81767,,12300,52665,0.210894,,-0.592146,False,False,
5040124700,выжил,,,9.81767,,12165,81231,-1.7984,,-1.38683,True,False,коэффициент_автономии;ча_отрицательные_2года
5040125982,выжил,,,9.81767,46.73,12165,15012,0.277339,,0.297881,False,False,
5040148884,выжил,,,9.81767,46.73,12300,155337,0.00517535,,-0.460456,False,False,коэффициент_автономии
5040171001,выжил,,,9.81767,29.10,12300,111627,0.054413,,,,False,коэффициент_автономии
5040998923,выжил,,,9.81767,94.99,20200,,,,,,,
5041208416,выжил,,,9.81767,46.38.1,12300,0,-63.7037,,1,True,True,коэффициент_автономии;падение_выручки;убыток_2года;ча_отрицательные_2года
5041211296,выжил,,,9.81767,,12300,6096,0.556355,,,,False,
5042058280,выжил,,,9.81767,68.32.2,21001,,,,,,,
5042101151,выжил,,,9.81767,46.72.2,12300,,1,,,False,,
5042111008,выжил,,,9.81767,68.31,12300,,1,,,,,
5042113446,выжил,,,9.81767,46.43.1,12300,89473,0.0731564,,-0.478795,False,False,коэффициент_автономии
5042129213,банкрот,2023,Tender,1,46.71,12300,171290,0.0538971,1.04777,-0.636148,False,False,коэффициент_автономии
5042145920,выжил,,,9.81767,79.90.2,71400,167,,,,,False,
5042147935,выжил,,,9.81767,68.32.2,20700,0,,,,,False,
5042148664,выжил,,,9.81767,25.11,12300,,0.5,,,False,,
5042154682,выжил,,,9.81767,43.33,12300,7895,0.672131,,,,False,
5044004932,выжил,,,9.81767,47.11,12300,1076,1,,-0.0890688,False,False,
5044084776,выжил,,,9.81767,52.10,20109,,,,,,,
5044095344,выжил,,,9.81767,45.3,12300,10058,0.591878,,-0.767352,False,False,
5044096468,выжил,,,9.81767,45.11.39,12300,3104,0.0585106,,-1.67817,False,False,коэффициент_автономии
5044110095,выжил,,,9.81767,,12300,,0.000308817,6476.33,,False,True,коэффициент_автономии;убыток_2года
5044112688,выжил,,,9.81767,45.20,12300,26549,0.620289,,-0.162187,False,False,
5044112906,выжил,,,9.81767,77.32,12300,1501,-0.151463,0.86976,,False,False,коэффициент_автономии;текущая_ликвидность
5044115199,выжил,,,9.81767,41.20,12300,4915,1,,0.701597,False,False,падение_выручки
5045029168,выжил,,,9.81767,,12300,12100,0.983537,,-0.00833333,False,False,
5045044906,выжил,,,9.81767,68.10,12267,,0.987382,634,,False,False,
5045065254,выжил,,,9.81767,69.10,12300,254,0.917526,,0.521657,False,False,падение_выручки
5047055822,выжил,,,9.81767,56.29.2,12300,5689,0.0872712,,0.0462699,False,False,коэффициент_автономии
5047061576,выжил,,,9.81767,56.10.1,12300,288416,0.0947219,1.42351,-0.0804485,False,False,коэффициент_автономии
5047061777,выжил,,,9.81767,86.10,12300,6910,-79.1143,,0.0424058,True,True,коэффициент_автономии;убыток_2года;ча_отрицательные_2года
5047063608,банкрот,2023,ProceedingsFinished,1,68.10.1,12300,109247,0.00131395,0.594957,-0.183069,False,True,коэффициент_автономии;текущая_ликвидность;убыток_2года
5047117370,выжил,,,9.81767,70.22,12300,15490,0.0856999,,0.221608,False,False,коэффициент_автономии
5047119160,выжил,,,9.81767,52.1,12300,,0.96063,,,False,False,
5047144705,выжил,,,9.81767,63.11.1,12300,191,-1.72542,,-1.76812,True,True,коэффициент_автономии;убыток_2года;ча_отрицательные_2года
5047165751,выжил,,,9.81767,45.3,12300,,0.961948,,,False,False,
5047169450,выжил,,,9.81767,41.20,12300,126397,0.107623,,0.552567,False,False,падение_выручки
5047174033,выжил,,,9.81767,47.7,12300,7387,0.399684,,-0.0440989,False,False,
5047180492,выжил,,,9.81767,47.11,12300,,,,,,,
5047189142,выжил,,,9.81767,71.12.11,12300,27948,0.300035,,-0.326814,False,False,
5047192963,выжил,,,9.81767,19.34,12300,,,,,True,,ча_отрицательные_2года
5047194488,выжил,,,9.81767,79.11,12300,2283,0.446809,,-4.56829,False,False,
5047198612,выжил,,,9.81767,49.41,12165,243731,0.114541,1.11561,-0.753751,False,False,
5047213684,выжил,,,9.81767,68.32,20716,3935,0.889706,,0.106494,False,True,убыток_2года
5047215650,выжил,,,9.81767,47.91,12300,214,-12.6372,,,True,True,коэффициент_автономии;убыток_2года;ча_отрицательные_2года
5047251489,выжил,,,9.81767,94.99,20200,,1,,,False,,
5048005535,выжил,,,9.81767,43.12.1,12300,1428,-1.06156,,0.477879,True,False,коэффициент_автономии;ча_отрицательные_2года
5048028356,выжил,,,9.81767,,12300,4872,0.640648,,-0.487179,False,False,
5049014959,выжил,,,9.81767,01.19,20702,,,,,False,,
5049018696,выжил,,,9.81767,,12300,,0.190865,,,False,True,убыток_2года
5050051088,выжил,,,9.81767,,12300,,0.893976,7.45455,,False,False,
5050064961,выжил,,,9.81767,58.14,12300,326,0.283708,,0.617819,False,False,падение_выручки
5050078851,выжил,,,9.81767,79.11,12300,0,1,,,False,False,
5050112005,выжил,,,9.81767,,12300,1662,-5.05674,,-5.39231,True,False,коэффициент_автономии;ча_отрицательные_2года
5050138275,выжил,,,9.81767,,12300,7096,0.959225,,-1.23778,False,False,
5050140524,выжил,,,9.81767,71.20.2,12300,290740,0.975248,,-296.584,False,False,
5050143444,выжил,,,9.81767,46.69,12300,,,,,False,,
5050151029,выжил,,,9.81767,,12300,23164,0.210965,,,,False,
5053034820,выжил,,,9.81767,43.99,12165,103154,0.0430076,1.00033,-10.7434,False,True,коэффициент_автономии;убыток_2года
5053050332,банкрот,2024,Tender,1,,12300,504272,0.297669,1.00753,-1.88513,False,False,
5053060860,выжил,,,9.81767,80.10,12300,5126,0.480818,1.92611,,False,False,
5073086513,выжил,,,9.81767,,20702,,,,,,False,
5074042011,выжил,,,9.81767,46.46.2,12300,,1,,,False,,
5074057427,выжил,,,9.81767,41.10,12300,417,-0.323225,,,True,True,коэффициент_автономии;убыток_2года;ча_отрицательные_2года
5074057628,выжил,,,9.81767,82.11,12300,0,0.671875,,1,False,False,падение_выручки
5074070273,выжил,,,9.81767,,12300,3142,0.0849273,,,,False,коэффициент_автономии
5075039558,выжил,,,9.81767,78.10,12300,,,,,False,,
5075372904,выжил,,,9.81767,,12300,187535,0.0812911,,0.0585214,False,False,коэффициент_автономии
5077024420,банкрот,2022,ProceedingsFinished,1,71.12.12,12300,,-4.71582,,,True,False,коэффициент_автономии;ча_отрицательные_2года
5105011087,выжил,,,9.81767,,12300,8590,-0.313339,0.715746,0.473006,True,False,коэффициент_автономии;текущая_ликвидность;ча_отрицательные_2года
5105094982,выжил,,,9.81767,02.20,12300,74,1,,0.822542,False,True,падение_выручки;убыток_2года
5108998680,выжил,,,9.81767,81.22,12300,,,,,False,,
5190025874,выжил,,,9.81767,56.10,12300,0,1,,,False,False,
5190037213,выжил,,,9.81767,47.71.2,12165,,1,,,False,,
5190047469,выжил,,,9.81767,10.13,12300,2.51849e+06,0.372827,1.45357,-0.104359,False,False,
5190047620,выжил,,,9.81767,68.20,12300,49806,0.0228551,,-0.0777953,False,False,коэффициент_автономии
5190056625,выжил,,,9.81767,68.20,12300,0,0.831071,55.6667,1,False,True,падение_выручки;убыток_2года
5190074960,выжил,,,9.81767,52.21.24,20100,,,,,False,,
5190077907,выжил,,,9.81767,,12300,21785,0.441314,,-0.10668,False,False,
5190088257,выжил,,,9.81767,93.11,71400,,0,1,,False,,коэффициент_автономии
5190116017,выжил,,,9.81767,03.11,12300,,0.99954,,,False,True,убыток_2года
5190131311,выжил,,,9.81767,08.11,12267,,-6.919,0.0317479,,True,True,коэффициент_автономии;текущая_ликвидность;убыток_2года;ча_отрицательные_2года
5190145272,выжил,,,9.81767,,12300,12419,-0.374003,,-0.155901,True,False,коэффициент_автономии;ча_отрицательные_2года
5190923596,выжил,,,9.81767,46.73,12300,8104,0.703336,,0.280284,False,False,
5193402369,выжил,,,9.81767,43.13,12300,362522,0.254668,1.25544,0.428981,False,False,
5207016750,выжил,,,9.81767,36.00,65243,2547,0.967791,24.119,0.0359576,False,False,
5215003392,выжил,,,9.81767,28.29.12,12300,,,,,False,False,
5227001505,выжил,,,9.81767,70.22,71400,,,,,,,
5235006169,выжил,,,9.81767,,12300,3056,0.963013,6.69792,-0.00460224,False,False,
5236006468,выжил,,,9.81767,01.41,12300,61695,0.882277,5.47911,-0.0169282,False,False,
5243001862,выжил,2025,Watching,9.81767,28.29,12267,104873,0.0768335,1.55695,0.021488,False,False,коэффициент_автономии
5245021021,выжил,,,9.81767,64.99,12165,,1,,,False,True,убыток_2года
5245029567,выжил,,,9.81767,72.19,12300,,1,,,False,,
5246036609,выжил,,,9.81767,43.21,12300,76048,0.604144,2.52617,-0.103328,False,False,
5249091767,выжил,,,9.81767,46.75,12300,,,,,,,
5249095401,выжил,,,9.81767,46.73,12300,0,,,1,False,False,падение_выручки
5249123659,банкрот,2022,ProceedingsFinished,1,45.20,12300,,1,,,False,,
5249126811,выжил,,,9.81767,46.74.2,12300,8016,0.141677,,-0.786096,False,False,
5249146078,выжил,,,9.81767,45.32,12300,17135,0.0901206,,0.77584,False,False,коэффициент_автономии;падение_выручки
5249169999,выжил,,,9.81767,49.41,12300,12327,0.098692,1.1095,0.00764772,False,False,коэффициент_автономии
5250032036,выжил,,,9.81767,52.21,20101,,,,,,False,
5250042370,выжил,,,9.81767,71.11,12300,,0.185185,1.22727,,False,,
5250071363,выжил,,,9.81767,46.73.6,12300,12988,0.516052,,0.296844,False,False,
5251011198,выжил,,,9.81767,,12300,1566,-8.34615,0.433333,-0.185466,True,False,коэффициент_автономии;текущая_ликвидность;ча_отрицательные_2года
5252019577,выжил,,,9.81767,47.11,12300,19732,0.660918,2.94914,0.247961,False,False,
5252040360,выжил,,,9.81767,94.99,20200,,,,,,,
5252047084,выжил,,,9.81767,32.50,12300,1924,0.0199052,1.02031,,False,False,коэффициент_автономии
5254032118,выжил,,,9.81767,73.11,12300,2056,0.877504,,0.00580271,False,False,
5256007766,выжил,,,9.81767,46.69.2,12300,316921,0.601198,2.43897,-0.118357,False,False,
5256036277,выжил,,,9.81767,68.31,12300,697,0.666667,,-0.177365,False,False,
5256084672,выжил,,,9.81767,68.2,12300,339,0.982437,,0.546185,False,False,падение_выручки
5256118890,банкрот,2023,Tender,1,20.59,12300,73084,0.08455,,0.149652,False,False,коэффициент_автономии
5256136338,выжил,,,9.81767,49.4,12300,3754,0.00903809,,0.395686,False,False,коэффициент_автономии
5256174679,выжил,,,9.81767,42.11,12300,0,1,,,False,False,
5257115997,выжил,,,9.81767,63.11.1,20614,,,,,,,
5257130025,выжил,,,9.81767,46.1,12300,32647,0.819068,,-0.386285,False,False,
5257180234,выжил,,,9.81767,46.65,12300,20672,0.0222349,0.949157,0.362683,False,False,коэффициент_автономии;текущая_ликвидность
5257198111,выжил,,,9.81767,49.41,12300,7954,0.00625391,,-0.511593,False,False,коэффициент_автономии
5258023883,выжил,,,9.81767,,12300,25427,0.942438,,-0.176903,False,False,
5258143299,выжил,,,9.81767,71.11.1,12300,19996,0.796568,,-0.376566,False,False,
5258148890,выжил,,,9.81767,45.32,12300,3388,0.844406,,-8.46369,False,False,
5259070780,выжил,,,9.81767,71.11,12300,,1,,,False,,
5259108610,выжил,,,9.81767,41.20,12300,1512,0.147683,1.17327,-1.09418,False,False,
5259152480,выжил,,,9.81767,56.30,12300,,1,,,False,,
5260097297,выжил,,,9.81767,94.20,20202,,,,,,,
5260253210,выжил,,,9.81767,,12300,5786,-0.19115,,-1.01814,True,False,коэффициент_автономии;ча_отрицательные_2года
5260291181,выжил,,,9.81767,93.1,12300,820,0.71875,,-819,False,False,
5260300855,выжил,,,9.81767,41.20,12300,4302,6.94607e-05,1.29545,-2.13786,False,False,коэффициент_автономии
5260315957,выжил,,,9.81767,,12300,60303,0.333713,,0.206946,False,False,
5260345140,выжил,,,9.81767,68.32,20000,,,,,,,
5260359866,выжил,,,9.81767,46.21,12165,0,-0.122873,0.827962,1,True,False,коэффициент_автономии;падение_выручки;текущая_ликвидность;ча_отрицательные_2года
5260419586,выжил,,,9.81767,45.20.2,12300,6029,-6.15622,0.50114,0.0225357,True,False,коэффициент_автономии;текущая_ликвидность;ча_отрицательные_2года
5260422564,выжил,,,9.81767,69.10,12300,8825,0.908519,11.1471,-0.20626,False,False,
5260427883,выжил,,,9.81767,47.91.2,12300,23632,0.324914,,-15.9041,False,False,
5260429023,выжил,,,9.81767,,12300,826,0.96867,,-0.728033,False,False,
5260466385,выжил,,,9.81767,,12300,4299,0.487148,,-0.633979,False,False,
5261129520,выжил,,,9.81767,,20700,,0,1,,False,,коэффициент_автономии
5262035257,выжил,,,9.81767,94.20,20202,,,,,,,
5262244476,выжил,,,9.81767,68.32.2,12300,8656,0.812081,,-0.377686,False,False,
5262303509,выжил,,,9.81767,26.51,12165,3325,0.829417,,-0.385994,False,False,
5262313754,выжил,,,9.81767,26.60.1,19000,,-4.8,,,True,,коэффициент_автономии;ча_отрицательные_2года
5262314780,выжил,,,9.81767,58.13,12165,,0.405502,,,False,,
5262344488,выжил,,,9.81767,46.72,12300,23554,0.0130492,1.03796,-0.491137,False,False,коэффициент_автономии
5262358610,выжил,,,9.81767,41.20,12300,5657,0.365766,1.5767,-1.01604,False,False,
5262360384,выжил,,,9.81767,17.12,12300,11138,0.129781,,-2.83144,False,False,
5262362504,выжил,,,9.81767,45.20,12300,2107,0.432157,1.63919,0.0213655,False,False,
5263008087,выжил,,,9.81767,68.20.2,12267,1260,0.836245,,-0.181989,False,False,
5263072808,выжил,,,9.81767,68.20.2,12300,19264,0.95573,7.1828,-0.257277,False,False,
5263140688,выжил,,,9.81767,45.19,12300,462862,0.0463442,,-3.23223,False,False,коэффициент_автономии
5263143801,выжил,,,9.81767,46.35,12300,28328,0.31044,,-0.854655,False,False,
5307007439,выжил,,,9.81767,,12300,400,0.992836,,0.0588235,False,False,
5310020768,выжил,,,9.81767,,12300,65984,0.097561,1.10811,-1.85979,False,False,коэффициент_автономии
5310023470,выжил,,,9.81767,,12300,,-21.4912,,,True,True,коэффициент_автономии;убыток_2года;ча_отрицательные_2года
5311007544,выжил,,,9.81767,10.71,12300,22940,0.84065,2.86404,0.0925992,False,False,
5318007783,выжил,,,9.81767,56.10.2,12300,10839,0.991111,,0.441692,False,False,
5320018800,выжил,,,9.81767,01.1,65000,33129,0.771443,2.39784,0.429519,False,False,
5320026102,выжил,2026,Watching,9.81767,16.23,12300,3168,0.123771,,0.634981,False,False,падение_выручки
5321044344,выжил,,,9.81767,94.20,20202,,,,,,,
5321067704,выжил,,,9.81767,68.20.2,12300,3833,0.95759,,-0.0772906,False,False,
5321078921,выжил,,,9.81767,46.73.6,12300,900,0.751754,4.02827,0.743954,False,True,падение_выручки;убыток_2года
5321108774,выжил,,,9.81767,,12300,75459,0.045163,,0.316135,False,False,коэффициент_автономии
5321112481,выжил,,,9.81767,25.61,12300,364850,0.288721,5.50377,-0.336168,False,False,
5321117200,выжил,,,9.81767,68.31.1,12300,,0,,,,False,коэффициент_автономии
5321129157,выжил,,,9.81767,46.90,12300,9662,0.62294,,-0.438226,False,False,
5321136549,выжил,,,9.81767,,12300,3844,0.913377,,0.064037,False,False,
5321154192,выжил,,,9.81767,,12300,722,0.392062,,,False,False,
5321173413,выжил,,,9.81767,46.69.5,12300,1184,0.696262,,-0.78852,False,False,
5401129360,выжил,,,9.81767,68.20.2,12300,1660,0.930435,,0.46417,False,False,
5401160723,выжил,,,9.81767,58.11,12300,6695,0.590051,,0.108047,False,False,
5401280160,выжил,,,9.81767,45.20,12300,2744,0.973684,,-0.505211,False,False,
5401401383,выжил,,,9.81767,69.10,20616,,,,,,,
5401954194,выжил,,,9.81767,,12165,,-10.2857,,,True,False,коэффициент_автономии;ча_отрицательные_2года
5401963086,выжил,,,9.81767,43.21,12300,47972,0.0401072,1.04114,-0.613535,False,False,коэффициент_автономии
5401979270,выжил,,,9.81767,68.10.23,12300,,1,,,False,,
5401988122,выжил,,,9.81767,46.69.9,12300,291185,0.150915,,-0.168685,False,False,
5401992753,выжил,,,9.81767,46.41,12300,3029,0.788299,,-0.791248,False,False,
5402002021,выжил,,,9.81767,20.16,12300,79322,0.127411,,-1.3095,False,False,
5402004685,выжил,,,9.81767,81.22,12300,7004,0.851271,,-0.39051,False,False,
5402021585,выжил,,,9.81767,52.29,12300,1652,-201.44,,0.339728,True,False,коэффициент_автономии;ча_отрицательные_2года
5402030565,выжил,,,9.81767,68.32,12300,408,0.191993,,0.048951,False,False,
5402057486,выжил,,,9.81767,41.20,12300,10523,-0.0152915,0.984625,-20.4755,True,False,коэффициент_автономии;текущая_ликвидность;ча_отрицательные_2года
5402064395,выжил,,,9.81767,69.20,12300,257,-3.36486,,,,False,коэффициент_автономии
5402171936,выжил,,,9.81767,24.52,12300,19323,0.855638,6.92704,0.405775,False,False,
5402469507,выжил,,,9.81767,68.32.1,28016,0,,,,,False,
5402576629,выжил,2025,Tender,9.81767,49.41,12300,113554,0.0427656,,-0.0608359,False,False,коэффициент_автономии
5402581918,выжил,,,9.81767,73.11,12300,,,,,,,
5403001888,выжил,,,9.81767,,12300,,1,,,False,,
5403004078,выжил,,,9.81767,49.4,12300,14636,0.030728,,-1.07839,False,False,коэффициент_автономии
5403059197,выжил,,,9.81767,33.14,12300,118,0.290323,1.40909,0.267081,False,False,
5403060178,выжил,,,9.81767,46.39,12300,18971,0.875792,,-4741.75,False,False,
5403060876,выжил,,,9.81767,47.78,12300,,,,,False,,
5403063242,выжил,,,9.81767,46.73,12300,,1,,,,,
5403100374,выжил,,,9.81767,68.20.2,12267,24883,0.910852,8.46728,-0.00290194,False,False,
5403106640,выжил,,,9.81767,52.21.24,12300,,,,,,,
5403328354,выжил,,,9.81767,47.59.4,12300,85084,0.78222,4.10595,-0.331914,False,False,
5403345906,выжил,,,9.81767,25.11,12300,30196,0.123419,,-2.33142,False,False,
5404015940,выжил,,,9.81767,73.11,12300,16619,1,,0.911851,False,True,падение_выручки;убыток_2года
5404016083,выжил,,,9.81767,43.22,12300,6107,0.140246,1.16312,0.17182,False,False,
5404045990,выжил,,,9.81767,,12300,5721,0.761719,,-0.137828,False,False,
5404051144,выжил,,,9.81767,47.59,12300,6,0,,,False,False,коэффициент_автономии
5404070228,выжил,,,9.81767,46.90,12300,0,1,,,False,False,
5404086161,выжил,,,9.81767,46.41,12300,20385,0.247978,,-0.562308,False,False,
5404088169,выжил,,,9.81767,43.34,12300,,1,,,False,,
5404091620,выжил,,,9.81767,,12300,44126,0.0118727,,-1.19882,False,False,коэффициент_автономии
5404287252,выжил,,,9.81767,47.76.1,12300,6909,0.937233,,0.222572,False,False,
5404362541,выжил,,,9.81767,,12300,,-0.274662,,,True,True,коэффициент_автономии;убыток_2года;ча_отрицательные_2года
5404363094,выжил,,,9.81767,,20614,,,,,,,
5404420056,выжил,,,9.81767,46.90,12300,0,0.923478,13.3721,1,False,True,падение_выручки;убыток_2года
5405019626,выжил,,,9.81767,47.91,12300,,,,,False,,
5405021833,выжил,,,9.81767,68.20,12300,0,-0.000239185,,1,False,True,коэффициент_автономии;падение_выручки;убыток_2года
5405023260,выжил,,,9.81767,71.20.5,12300,228,-246,0.0869565,-0.9,True,True,коэффициент_автономии;текущая_ликвидность;убыток_2года;ча_отрицательные_2года
5405026510,выжил,,,9.81767,46.49.4,12300,3619,0.113809,,-0.322734,False,False,
5405038770,выжил,,,9.81767,45.31,12300,,,,,False,,
5405043516,выжил,,,9.81767,,12300,60278,0.257505,,-1.50782,False,False,
5405196537,выжил,,,9.81767,,12300,5905,0.126019,0.146077,0.0725616,False,True,текущая_ликвидность;убыток_2года
5405258649,выжил,,,9.81767,,12165,1186,-0.0705779,-13,-14.8133,True,False,коэффициент_автономии;текущая_ликвидность;ча_отрицательные_2года
5405267428,выжил,,,9.81767,96.0,12300,,1,,,False,,
5405357512,выжил,,,9.81767,68.32,12300,701,0.831111,5.92105,0.827467,False,False,падение_выручки
5405376191,выжил,,,9.81767,41.2,19000,,0.962551,,,False,,
5405379330,выжил,,,9.81767,73.11,12300,10115,0.770588,,-0.465517,False,False,
5405401306,выжил,,,9.81767,46.36.2,12300,74187,0.969165,,-0.077094,False,False,
5405505672,выжил,,,9.81767,71.1,12300,,0.00534668,1.00566,,False,,коэффициент_автономии
5406013384,выжил,,,9.81767,94.2,20202,,,,,,False,
5406341402,выжил,,,9.81767,68.2,12300,0,,,,False,False,
5406502385,банкрот,2022,ProceedingsFinished,1,79.11,12300,2041,0.130862,,0.284111,False,False,
5406575312,выжил,,,9.81767,68.20,12300,0,-0.139742,0.902382,1,False,True,коэффициент_автономии;падение_выручки;текущая_ликвидность;убыток_2года
5406581570,выжил,,,9.81767,46.90,12300,18106,0.303789,,-0.96484,False,False,
5406605020,выжил,,,9.81767,43.12.3,12300,373,0.0701606,,0.845931,False,False,коэффициент_автономии;падение_выручки
5406608021,выжил,,,9.81767,42.11,12300,974,-5.58824,0.535433,0.555048,True,False,коэффициент_автономии;падение_выручки;текущая_ликвидность;ча_отрицательные_2года
5406624802,выжил,,,9.81767,45.32,12300,,1,,,False,,
5406718384,выжил,,,9.81767,46.73,12300,,,,,,,
5406769413,выжил,,,9.81767,69.20,12300,,,,,,,
5406770641,банкрот,2023,Tender,1,49.41,19000,8261,-13.8638,0.015634,0.648916,True,False,коэффициент_автономии;падение_выручки;текущая_ликвидность;ча_отрицательные_2года
5406789882,выжил,,,9.81767,71.12.9,12300,,1,,,False,True,убыток_2года
5406805830,выжил,,,9.81767,71.12,12300,444,0.693333,,0.643373,False,False,падение_выручки
5406978569,выжил,,,9.81767,,12300,2120,0.901828,10.1862,-0.100727,False,False,
5406982068,банкрот,2023,Tender,1,08.12,12300,6376,0.964164,4.65948,0.734477,False,False,падение_выручки
5406992041,выжил,,,9.81767,56.30,12300,61531,0.51134,6.62634,-0.43102,False,False,
5407044071,выжил,,,9.81767,69.20,12300,3754,0.905738,,0.140568,False,False,
5407048809,банкрот,2024,Tender,1,68.32.2,20700,,,,,,,
5407066212,выжил,,,9.81767,94.99,20200,259,,,-0.301508,,False,
5407245564,выжил,,,9.81767,46.90,12300,,1,,,,,
5407484467,выжил,,,9.81767,,12300,689,0.162709,,0.534774,False,False,падение_выручки
5407485894,выжил,,,9.81767,52.29,12300,1200,0.171566,1.2071,-0.135289,False,False,
5407968210,выжил,,,9.81767,46.44.1,12300,98106,0.541171,2.17946,-0.307261,False,False,
5407977173,выжил,,,9.81767,,12300,7663,-0.399781,,,True,True,коэффициент_автономии;убыток_2года;ча_отрицательные_2года
5407978201,выжил,,,9.81767,70.22,12300,,0.625,2.66667,,False,False,
5408000662,выжил,,,9.81767,,12300,,0.000677583,1.00011,,False,,коэффициент_автономии
5408001419,выжил,,,9.81767,72.19,12300,,0.00744417,,,False,False,коэффициент_автономии
5408187890,выжил,,,9.81767,86.21,12300,32174,0.370296,0.472005,-0.82475,False,False,текущая_ликвидность
5408264190,выжил,,,9.81767,,12300,16834,0.273669,,0.054429,False,False,
5408309316,выжил,,,9.81767,,12300,4790,0.982126,,-0.046537,False,False,
5408311562,выжил,,,9.81767,72.19,12300,,-0.0797761,,,True,True,коэффициент_автономии;убыток_2года;ча_отрицательные_2года
5409000986,выжил,,,9.81767,41.20,12300,,,,,False,,
5409227056,выжил,,,9.81767,94.99,70401,,,,,,,
5409234656,выжил,,,9.81767,14.19,12300,3318,0.975272,40.4396,-1.90035,False,False,
5410036232,выжил,,,9.81767,45.31.1,12165,0,-0.40939,,1,True,False,коэффициент_автономии;падение_выручки;ча_отрицательные_2года
5410053929,выжил,,,9.81767,95.11,12300,3632,0.951944,,-0.535729,False,False,
5410072311,выжил,,,9.81767,,12300,1.63972e+06,0.894712,9.52018,-0.58684,False,False,
5416103816,выжил,,,9.81767,,12165,22588,0.986243,45.2882,-0.919606,False,False,
5429109445,выжил,,,9.81767,81.22,12300,78769,0.635334,,-0.610192,False,False,
5432002766,выжил,,,9.81767,71.12.45,12300,2500,0.00849377,1.00857,,False,False,коэффициент_автономии
5433127790,выжил,,,9.81767,68.32.2,20617,,0,,,False,,коэффициент_автономии
5433187598,выжил,,,9.81767,41.2,12300,0,-0.143596,,,True,False,коэффициент_автономии;ча_отрицательные_2года
5433973979,выжил,,,9.81767,72.11,12300,141,0.5,2,-0.88,False,True,убыток_2года
5446008454,выжил,,,9.81767,35.30,12300,144728,-0.072233,0.932621,-0.112078,True,False,коэффициент_автономии;текущая_ликвидность;ча_отрицательные_2года
5452112196,выжил,,,9.81767,,12300,10005,0.546264,0.624466,-0.0290034,False,False,текущая_ликвидность
5453175826,выжил,2026,Tender,9.81767,36.00.2,65243,45075,0.856527,0.899685,0.00905753,False,True,текущая_ликвидность;убыток_2года
5501174494,выжил,,,9.81767,79.11,12300,600,0.774798,4.44046,-2.72671,False,False,
5501185841,выжил,,,9.81767,46.71,12300,0,0.957854,,1,False,False,падение_выручки
5501193480,выжил,,,9.81767,46.90,12300,6843,0.0434377,,-7.34512,False,False,коэффициент_автономии
5501193680,выжил,,,9.81767,69.20.2,12300,733,0.906977,10.75,-0.156151,False,False,
5501195230,выжил,,,9.81767,64.99,70401,,,,,,,
5501216031,выжил,,,9.81767,71.11.1,12300,82,0.22767,2.66462,0.86901,False,False,падение_выручки
5501267484,выжил,,,9.81767,25.11,19000,42678,1,,,False,False,
5503072843,выжил,,,9.81767,93.29.9,12300,,1,,,False,,
5503080259,выжил,,,9.81767,56.10.1,12300,,1,,,False,,
5503135740,выжил,,,9.81767,47.11,12300,6571,0.0190114,,-3.65368,False,False,коэффициент_автономии
5503141215,выжил,,,9.81767,47.25,12300,314,0.206708,0,0,False,False,текущая_ликвидность
5503220548,выжил,,,9.81767,46.33,12300,,1,,,False,True,убыток_2года
5503240054,выжил,,,9.81767,46.3,12300,1209,0.380751,1.55263,0.197211,False,False,
5504030444,выжил,,,9.81767,47.78.9,12300,44403,0.629264,2.69243,-0.181245,False,False,
5504244767,выжил,,,9.81767,79.11,12300,454,0.000340502,,,False,False,коэффициент_автономии
5504249483,выжил,,,9.81767,62.01,12300,26742,0.421712,,-0.028064,False,False,
5505058153,выжил,,,9.81767,46.32,12300,592,-0.623265,0.616043,0.724395,True,True,коэффициент_автономии;падение_выручки;текущая_ликвидность;убыток_2года;ча_отрицательные_2года
5505065866,выжил,,,9.81767,46.73,12300,115465,1,,,False,False,
5505067091,выжил,,,9.81767,13.30.5,12300,2190,0.274074,1.37585,,False,False,
5505215818,выжил,,,9.81767,94.99,20200,,,,,False,,
5505222533,выжил,,,9.81767,,12300,686,0.0387299,,0.983687,False,False,коэффициент_автономии;падение_выручки
5505223174,выжил,,,9.81767,28.30.8,12300,34729,0.102399,1.11408,0.211815,False,False,
5506047235,выжил,,,9.81767,25.62,12300,25059,0.712773,2.66275,-0.479629,False,False,
5506054306,выжил,,,9.81767,46.49,12300,2767,0.518095,,-0.381428,False,False,
5506058131,выжил,,,9.81767,69.20,12300,480,-0.10462,0.474765,0,True,False,коэффициент_автономии;текущая_ликвидность;ча_отрицательные_2года
5506073620,выжил,,,9.81767,46.90,12300,,0.0324675,1.03356,,False,False,коэффициент_автономии
5506087559,выжил,,,9.81767,43.21,12300,,,,,False,,
5506121802,выжил,,,9.81767,,20716,205,,19.8462,0.321192,,False,
5506145754,выжил,,,9.81767,46.31,12300,0,1,,1,False,False,падение_выручки
5506169096,выжил,,,9.81767,68.32.1,12300,,0.482759,,,False,True,убыток_2года
5506225255,выжил,,,9.81767,,12300,2747,0.1894,,0.111866,False,False,
5507094252,выжил,,,9.81767,47.71,12300,49117,0.848274,6.59082,-0.120983,False,False,
5507116298,выжил,,,9.81767,,12300,433,0.725948,,0.545168,False,False,падение_выручки
5507222514,выжил,,,9.81767,46.90,12300,,,,,,,
5507267233,выжил,,,9.81767,41.20,12300,1411,-0.391042,,0.652035,True,True,коэффициент_автономии;падение_выручки;убыток_2года;ча_отрицательные_2года
5507285867,выжил,,,9.81767,,71400,0,,,,,,
5509007706,выжил,,,9.81767,41.20,10000,6437,0.822867,0.725499,-0.0569787,False,True,текущая_ликвидность;убыток_2года
5519009830,выжил,,,9.81767,43.32,12300,62017,1,,0.414299,False,False,
5524006873,выжил,,,9.81767,46.33.1,12300,50786,0.00367932,,-0.249625,False,False,коэффициент_автономии
5535008921,выжил,,,9.81767,,65243,2837,0.776173,1.73387,-0.157487,False,,
5537008324,выжил,,,9.81767,46.73.6,12300,101066,0.374702,1.4416,-0.230022,False,False,
5602021906,выжил,,,9.81767,,12300,0,0.351326,,1,False,False,падение_выручки
5603033164,выжил,,,9.81767,52.21.24,20101,,,,,,,
5603034168,выжил,,,9.81767,45.20.2,12300,4989,1,,0.0812155,False,False,
5604031794,выжил,,,9.81767,46.73,12300,,,,,False,,
5607141080,выжил,,,9.81767,68.32.1,20700,,0.0802139,,,False,True,коэффициент_автономии;убыток_2года
5609018324,выжил,,,9.81767,68.32.2,20702,,,,,,,
5609073290,выжил,,,9.81767,52.29,12300,37971,0.951273,,-0.369904,False,False,
5609184924,банкрот,2022,ProceedingsFinished,1,41.20,12300,71458,0.0347955,,-3.05275,False,False,коэффициент_автономии
5610049197,выжил,,,9.81767,,12300,1403,0.976326,,0.0954223,False,False,
5610051485,выжил,,,9.81767,72.19,12300,,0.834648,6.06087,,False,False,
5610090389,выжил,,,9.81767,45.31.1,12300,0,1,,1,False,,падение_выручки
5610096486,выжил,,,9.81767,71.12.9,12300,1701,0.959362,,0.0770483,False,False,
5610125507,выжил,,,9.81767,95.2,12300,,0.34081,,,False,,
5610142277,выжил,,,9.81767,45.3,12300,13481,0.00865838,3.08664,-0.0745257,False,False,коэффициент_автономии
5610240309,выжил,,,9.81767,49.41,12300,5401,0.241886,1.31376,,False,False,
5610240700,выжил,,,9.81767,41.20,12300,,0.996768,309.429,,False,False,
5611054496,выжил,,,9.81767,56.10,12300,20497,0.536472,,-0.356878,False,False,
5611082817,выжил,,,9.81767,85.41,12300,0,-3.5,,,True,False,коэффициент_автономии;ча_отрицательные_2года
5612042366,выжил,,,9.81767,52.21.24,20101,,,,,False,,
5612172742,выжил,,,9.81767,46.31,12300,174628,0.0200144,1.14099,-0.431283,False,False,коэффициент_автономии
5614046888,выжил,,,9.81767,33.17,12300,4159,0.269935,,0.737603,False,False,падение_выручки
5614074349,выжил,,,9.81767,25.73,12300,84014,0.271487,1.37266,-0.252408,False,False,
5614081410,выжил,,,9.81767,,12300,,1,,,False,,
5616011087,выжил,,,9.81767,68.32,12300,392,-5.08873,,-0.159763,True,True,коэффициент_автономии;убыток_2года;ча_отрицательные_2года
5625000074,выжил,,,9.81767,01.25.1,12300,,1,,,False,,
5626002998,выжил,,,9.81767,01.1,15300,34991,0.816434,,-0.0372006,False,True,убыток_2года
5636021020,банкрот,2023,Tender,1,01.61,12300,16477,0.0606198,,0.220208,False,False,коэффициент_автономии
5638008070,выжил,,,9.81767,,20702,,,,,False,,
5638010376,выжил,,,9.81767,68.32.2,20702,,,,,False,,
5638069725,банкрот,2023,Tender,1,71.12.2,12300,,0.510852,6.43656,,False,False,
5638071146,выжил,,,9.81767,,12300,116,-0.0358209,,,True,False,коэффициент_автономии;ча_отрицательные_2года
5638078590,выжил,,,9.81767,41.20,12300,3096,0.100785,1.11208,,False,False,
5638078991,выжил,,,9.81767,10.41,20109,,1,,,False,,
5639020433,выжил,,,9.81767,68.20,12300,13004,0.535314,,-0.28587,False,True,убыток_2года
5646033867,выжил,,,9.81767,68.20.2,12300,0,-3.33628,0.000872981,1,True,True,коэффициент_автономии;падение_выручки;текущая_ликвидность;убыток_2года;ча_отрицательные_2года
5702005993,выжил,,,9.81767,,12300,320,0.0997305,,0.655544,False,True,коэффициент_автономии;падение_выручки;убыток_2года
5703016684,выжил,,,9.81767,,12300,146733,0.288946,23.8573,-687.887,False,False,
5713002923,выжил,,,9.81767,03.22.1,12300,,1,,,False,,
5715005648,выжил,,,9.81767,01.1,12300,251209,0.774087,2.90917,0.0464027,False,False,
5720007961,выжил,,,9.81767,68.32.2,20702,,,,,,,
5751059818,выжил,,,9.81767,47.30,12300,132181,-0.274932,0.459691,-0.222653,True,True,коэффициент_автономии;текущая_ликвидность;убыток_2года;ча_отрицательные_2года
5751065000,выжил,,,9.81767,41.20,12300,35345,1,,0.332408,False,False,
5752077150,выжил,,,9.81767,46.21.11,12300,18755,0.574646,,0.786282,False,False,падение_выручки
5752079422,выжил,,,9.81767,33.13,12300,0,-0.40625,,1,True,False,коэффициент_автономии;падение_выручки;ча_отрицательные_2года
5752085313,выжил,,,9.81767,46.38.25,12300,2098,0.0486862,,,,False,коэффициент_автономии
5753018990,выжил,,,9.81767,94.12,75505,,,,,,False,
5753035097,выжил,,,9.81767,90.0,20200,,,,,,,
5753067067,выжил,,,9.81767,52.21.1,12300,42687,0.0828751,,-1.16466,False,False,коэффициент_автономии
5753075565,выжил,,,9.81767,46.73,12300,,1,,,False,,
5754023224,выжил,,,9.81767,,12300,4771,0.582633,,-2.3155,False,False,
5803024760,выжил,,,9.81767,86.10,12300,15959,-11.9833,0.0770221,-0.23226,True,False,коэффициент_автономии;текущая_ликвидность;ча_отрицательные_2года
5805004399,выжил,,,9.81767,47.30,12300,39516,0.92078,11.3508,0.0913146,False,True,убыток_2года
5805008026,выжил,,,9.81767,47.19,12300,10742,0.952013,,0.120733,False,False,
5809004061,выжил,,,9.81767,47.73,12300,11151,0.826584,,-0.291671,False,False,
5823000171,выжил,,,9.81767,46.36.2,12300,0,0.995093,203.793,1,False,,падение_выручки
5827001850,выжил,,,9.81767,94.99,71400,,,,,False,,
5827002437,выжил,,,9.81767,55.10,12300,939,-0.00927545,,-6.22308,True,True,коэффициент_автономии;убыток_2года;ча_отрицательные_2года
5832001502,выжил,,,9.81767,41.10,12300,0,,,1,False,False,падение_выручки
5834013479,выжил,,,9.81767,56.10,12300,120,1,,-3,False,False,
5834029528,выжил,,,9.81767,79.11,12300,199,1,,,,False,
5834116139,выжил,,,9.81767,49.42,12300,0,1,,1,False,False,падение_выручки
5834120657,выжил,,,9.81767,46.73.6,12300,12781,0.0441946,1.56749,-0.387429,False,False,коэффициент_автономии
5834126049,выжил,,,9.81767,25.29,12300,12877,0.00956023,,-14.4772,False,False,коэффициент_автономии
5834126472,выжил,,,9.81767,64.91,12300,433,0.00534531,,,,False,коэффициент_автономии
5835017042,выжил,,,9.81767,68.32.1,20102,6,,2.74687,,,,
5835035242,выжил,,,9.81767,52.21.24,20101,,,,,,,
5835061411,выжил,,,9.81767,,12300,7279,0.498333,,-0.410112,False,False,
5835112384,выжил,,,9.81767,43.21,12300,36707,0.415618,2.50454,-2.5411,False,True,убыток_2года
5835135582,выжил,,,9.81767,46.90,12300,105010,0.0846351,,-2.47416,False,False,коэффициент_автономии
5836621306,выжил,,,9.81767,80.10,12300,7092,0.539768,2.17282,-0.654304,False,False,
5836640436,банкрот,2023,Tender,1,,12300,40260,0.066769,2.45669,0.0796242,False,False,коэффициент_автономии
5836671650,выжил,,,9.81767,43.22,12300,1120,1,,,False,False,
5836689343,выжил,,,9.81767,,12300,29324,0.17288,3.61358,-0.107318,False,False,
5837045380,выжил,,,9.81767,71.12.4,12165,913,0.672199,,0.398154,False,False,
5837050359,выжил,,,9.81767,46.6,12300,48245,0.291659,1.52204,-0.577098,False,False,
5837055244,выжил,,,9.81767,,12300,8960,-28.7568,0.0336058,-0.0577264,True,True,коэффициент_автономии;текущая_ликвидность;убыток_2года;ча_отрицательные_2года
5837077738,выжил,,,9.81767,14.13,12300,3794,0.209285,,0.0455346,False,False,
5838015290,выжил,,,9.81767,46.38,12300,2361,0.110082,,,,False,
5902033275,выжил,,,9.81767,,12300,,0.968261,,,False,,
5902041597,выжил,,,9.81767,43.39,12300,360,0.536842,,0.703704,False,False,падение_выручки
5902175350,выжил,,,9.81767,55.10,12300,8323,0.260073,,-0.371848,False,False,
5902194628,выжил,,,9.81767,58.13,20614,14695,0.348718,1.53543,0.177994,False,False,
5902706026,выжил,,,9.81767,94.12,20202,,,,,,,
5903028662,выжил,,,9.81767,46.46.1,12300,22303,-5.83548,,0.266903,False,False,коэффициент_автономии
5903956540,выжил,,,9.81767,,12300,215542,0.0138795,0.975745,-0.415256,False,False,коэффициент_автономии;текущая_ликвидность
5904011950,выжил,,,9.81767,68.20.2,12300,873,1,,-0.0442584,False,False,
5904034203,выжил,,,9.81767,45.31.1,12300,60001,0.136917,,0.203227,False,False,
5904151980,выжил,,,9.81767,46.90,12300,79,0.163039,10.4493,0.987436,False,False,падение_выручки
5904218930,выжил,,,9.81767,46.4,12300,11039,0.295812,1.42007,-0.0685316,False,False,
5904231730,выжил,,,9.81767,,12300,35029,0.960039,,-0.174406,False,False,
5904256012,выжил,,,9.81767,80.20,12300,9891,-0.601746,1.51654,-1.23778,True,False,коэффициент_автономии;ча_отрицательные_2года
5904257947,выжил,,,9.81767,46.73,12300,1334,0.806452,,0.554888,False,False,падение_выручки
5904286578,выжил,,,9.81767,43.21,12300,,0.0328358,1.03395,,False,,коэффициент_автономии
5904342222,банкрот,2024,ProceedingsStopped,1,46.69,12300,0,0.0246089,,1,False,,коэффициент_автономии;падение_выручки
5904354524,выжил,,,9.81767,28.92,12300,,0.111111,1.125,,False,,
5904398024,выжил,,,9.81767,41.20,12300,37152,0.710967,,,,False,
5904998705,выжил,,,9.81767,62.01,12165,,1,,,False,,
5905008485,выжил,,,9.81767,01.13.6,20100,,,,,,,
5905288070,выжил,,,9.81767,02.10,12300,7888,0.0941366,0.797506,0.135467,False,False,коэффициент_автономии;текущая_ликвидность
5906011836,выжил,,,9.81767,68.32.1,20716,,,,,,False,
5906070486,банкрот,2022,Tender,1,,12300,85622,0.0114844,1.1004,0.261867,False,False,коэффициент_автономии
5906133792,выжил,,,9.81767,68.31,12300,,0.944444,,,False,,
5906139106,выжил,,,9.81767,,12300,104130,0.113757,,-1.31869,False,False,
5906157088,выжил,,,9.81767,49.41,12300,8597,0.0188521,,0.000116306,False,False,коэффициент_автономии
5906170890,выжил,,,9.81767,,12300,198,0.847826,6.57143,,False,False,
5906171124,выжил,,,9.81767,71.12.1,12300,,,,,,,
5907018457,выжил,,,9.81767,,12300,104,0.423404,2.14612,0.912971,False,False,падение_выручки
5908008331,выжил,,,9.81767,71.12,12300,4926,0.930669,,0.436707,False,False,
5908069373,выжил,,,9.81767,01.13,20701,,,,,False,,
5908077470,выжил,,,9.81767,45.20,12300,,,,,False,,
5911030778,выжил,,,9.81767,,20200,,0,1,,False,False,коэффициент_автономии
5911050703,выжил,,,9.81767,,12300,140,0.507059,,0.698925,False,False,падение_выручки
5911070280,выжил,,,9.81767,68.20,12165,150,-0.383288,1.47579,-0.5,True,True,коэффициент_автономии;убыток_2года;ча_отрицательные_2года
5914013210,выжил,,,9.81767,70.22,12300,0,1,,1,False,False,падение_выручки
5918217486,выжил,,,9.81767,,65243,13925,0.907905,0.883296,-0.37341,False,True,текущая_ликвидность;убыток_2года
5919001779,выжил,,,9.81767,01.19,20702,,,,,False,,
5920029874,выжил,,,9.81767,,12300,1930,1,,0.0712223,False,False,
5921035905,выжил,,,9.81767,49.41.1,12300,11753,0.637327,8.46207,-6.54849,False,False,
5947013590,выжил,,,9.81767,68.32.1,20716,2509,0.845906,6.40694,0.00198886,False,False,
5948008031,выжил,,,9.81767,01.5,53,303,0.732558,3.39855,-0.470874,False,False,
5948052810,выжил,,,9.81767,35.30.14,12300,20569,0.0198663,,-0.164986,False,False,коэффициент_автономии
5957007972,выжил,,,9.81767,68.32.1,20716,,,6.94643,,,,
6012006914,выжил,,,9.81767,56.10.1,12300,270,-1.31481,0.432,0.787569,False,True,коэффициент_автономии;падение_выручки;текущая_ликвидность;убыток_2года
6015007698,выжил,,,9.81767,90.04.2,71400,,,,,,,
6017009517,выжил,,,9.81767,01.41.11,14100,246,0.974149,35.873,0.551913,False,True,падение_выручки;убыток_2года
6025048929,выжил,,,9.81767,69.10,12300,0,0.857143,,1,False,True,падение_выручки;убыток_2года
6027100941,выжил,,,9.81767,47.73,12300,7779,0.650847,,-0.159314,False,False,
6027105932,выжил,,,9.81767,25.11,12300,3352,-2.38428,,-0.0185354,True,False,коэффициент_автономии;ча_отрицательные_2года
6027134860,выжил,,,9.81767,,12300,5180,0.974444,,-0.0791667,False,True,убыток_2года
6027155348,выжил,,,9.81767,93.19,12300,4777,-5.00098,,-0.0759009,True,True,коэффициент_автономии;убыток_2года;ча_отрицательные_2года
6027192050,выжил,,,9.81767,71.20.8,12300,230,0.736127,2.21888,-2.19444,False,False,
6101003111,выжил,,,9.81767,94.99,71400,0,,,1,,False,падение_выручки
6101003584,банкрот,2024,Tender,1,46.21.19,12300,83,1,,0.487654,False,False,
6101929706,выжил,,,9.81767,41.20,12300,0,,,,,False,
6102063924,выжил,,,9.81767,45.31.1,12300,183,-2.3764,,0.931844,True,True,коэффициент_автономии;падение_выручки;убыток_2года;ча_отрицательные_2года
6102073400,выжил,,,9.81767,46.73.3,12300,16167,0.0466813,1.0847,-1.3789,False,False,коэффициент_автономии
6114000358,выжил,,,9.81767,94.20,20202,,,1,,,,
6116008987,выжил,,,9.81767,52.1,12300,6084,0.36875,1.58416,-0.0525952,False,False,
6140007504,выжил,,,9.81767,86.23,12300,2487,1,,-0.207282,False,False,
6141025961,выжил,,,9.81767,55.90,12300,,0.909091,,,False,,
6143084881,выжил,,,9.81767,47.52,12300,907,0.0954986,,0.845932,False,False,коэффициент_автономии;падение_выручки
6143085733,выжил,,,9.81767,,12300,1620,0.336942,,-17.6207,False,False,
6147011972,выжил,,,9.81767,01.13,20702,,,,,,False,
6147028790,выжил,,,9.81767,,12300,9533,0.910164,,-0.306785,False,False,
6149003705,выжил,,,9.81767,,20100,3603,,142.949,0.989514,,False,падение_выручки
6149019014,выжил,,,9.81767,,12165,739,0.0179024,,-31.1304,False,False,коэффициент_автономии
6150068792,выжил,,,9.81767,68.32.1,20716,,,,,,,
6150090798,выжил,,,9.81767,86.10,12300,,,,,True,True,убыток_2года;ча_отрицательные_2года
6150096260,выжил,,,9.81767,,12300,41528,0.169231,,-0.246376,False,False,
6150100291,выжил,,,9.81767,,20200,0,,,,,False,
6154002993,выжил,,,9.81767,49.41,12300,401375,0.254253,1.95756,0.117481,False,False,
6154088944,выжил,,,9.81767,68.32.1,20716,,,63.36,,,,
6155042036,банкрот,2023,ProceedingsFinished,1,20.16,12300,47801,0.287726,1.40395,0.368155,False,False,
6155042621,выжил,,,9.81767,47.1,12300,2731,0.356863,,0.16304,False,False,
6155061310,выжил,,,9.81767,71.1,12300,698,-0.00469974,0.989345,-1.28852,False,False,коэффициент_автономии;текущая_ликвидность
6161053621,выжил,,,9.81767,68.32.1,20716,,,,,,,
6161066331,выжил,,,9.81767,62.0,12300,4265,0.682547,,-1.08864,False,False,
6163086284,выжил,,,9.81767,,12300,8500,-0.0957889,,,True,False,коэффициент_автономии;ча_отрицательные_2года
6163107135,выжил,,,9.81767,,12300,,-2.74532,,,True,True,коэффициент_автономии;убыток_2года;ча_отрицательные_2года
6163110554,выжил,,,9.81767,71.1,12300,52911,0.035727,,,False,False,коэффициент_автономии
6163151279,выжил,,,9.81767,,12300,373375,0.703951,2.81715,-0.568387,False,False,
6163212980,выжил,,,9.81767,41.20,12300,128748,0.84604,,-0.421593,False,False,
6163221173,выжил,,,9.81767,77.40,12300,,0.0206186,,,False,False,коэффициент_автономии
6164014123,выжил,,,9.81767,46.69.9,12300,0,1,,1,False,False,падение_выручки
6164116728,выжил,,,9.81767,73.11,12300,732,0.162338,30.5714,0.413931,False,False,
6164135128,выжил,,,9.81767,41.20,12300,,-19.2323,,,,False,коэффициент_автономии
6164135174,выжил,,,9.81767,71.20,12300,178,-1.23304,,,,False,коэффициент_автономии
6164272558,выжил,,,9.81767,46.72,12300,29082,0.153126,1.18081,-0.30688,False,False,
6164304383,выжил,,,9.81767,79.11,12300,2224,0.802296,,-0.770701,False,False,
6164308853,выжил,,,9.81767,82.99,12300,,,,,False,,
6164990862,выжил,,,9.81767,,20906,419,,,,,False,
6165148391,выжил,,,9.81767,46.46.1,12300,34554,0.847013,,-0.0463299,False,False,
6165162340,выжил,,,9.81767,41.20,12300,986,0.948357,,-4.03061,False,False,
6165162396,выжил,,,9.81767,46.61,12300,,1,,,False,,
6165184079,выжил,,,9.81767,46.43,12300,459146,0.330475,1.56678,-0.494295,False,False,
6165188193,выжил,,,9.81767,46.73,12300,244,0.0376589,,-1.93976,False,True,коэффициент_автономии;убыток_2года
6165208146,выжил,,,9.81767,46.73,12300,3572,-11.6066,,-0.45677,False,True,коэффициент_автономии;убыток_2года
6165219927,выжил,,,9.81767,69.10,12300,46,0.163934,,-0.703704,False,False,
6165221235,выжил,,,9.81767,46.49,12300,8531,0.144726,1.25251,-0.372868,False,False,
6165223024,выжил,,,9.81767,,12300,320,0.531328,,0.937414,False,False,падение_выручки
6166102706,выжил,,,9.81767,69.10,12300,,1,,,False,,
6166112711,выжил,,,9.81767,82.99,12300,,-11.0769,,,True,True,коэффициент_автономии;убыток_2года;ча_отрицательные_2года
6166115078,выжил,,,9.81767,,12300,34872,0.675284,,-2.27406,False,False,
6166117413,выжил,,,9.81767,46.36,12300,519653,0.0196878,,0.270021,False,False,коэффициент_автономии
6166121949,выжил,,,9.81767,46.69,12300,4881,0.331256,,,,False,
6167027829,банкрот,2024,Tender,1,46.72.21,12300,7834,0.59202,,-1.27865,False,False,
6167064299,выжил,,,9.81767,68.20.2,12300,1.25775e+06,0.674908,6.43313,-0.247754,False,False,
6167107048,выжил,,,9.81767,46.69.5,12300,487176,0.413951,1.60265,0.265568,False,False,
6168019901,банкрот,2023,ProceedingsStopped,1,42.11,12300,29186,0.0941114,1.89091,-3.05249,False,False,коэффициент_автономии
6168106255,выжил,,,9.81767,,20716,150,,,-0.056338,,False,
6168108943,выжил,,,9.81767,41.20,12300,0,0.0411664,,1,False,False,коэффициент_автономии;падение_выручки
6168110237,выжил,,,9.81767,52.29,12300,6893,0.354467,,-4.96797,False,False,
6168115517,выжил,,,9.81767,49.42,12300,350,0.0592255,,,,False,коэффициент_автономии
6211008578,выжил,,,9.81767,35.30.14,65143,34795,0.803915,1.52533,-0.0542661,False,False,
6213010131,выжил,,,9.81767,,12300,825038,0.567422,0.922551,-0.0442144,False,False,текущая_ликвидность
6215021428,выжил,,,9.81767,,12300,3297,-5.46346,,0.0644154,True,False,коэффициент_автономии;ча_отрицательные_2года
6215023182,выжил,,,9.81767,,20716,,,,,,,
6215033060,выжил,,,9.81767,,71400,,,,,False,,
6226013274,выжил,,,9.81767,,12300,11904,1,,-0.927461,False,False,
6227001232,выжил,,,9.81767,,12200,18057,0.817925,5.47826,-0.961438,False,False,
6227009760,выжил,,,9.81767,71.20.5,12300,,1,,,False,,
6227009810,выжил,,,9.81767,68.20.2,12300,429752,0.0332143,0.967242,-0.164147,False,False,коэффициент_автономии;текущая_ликвидность
6229052793,выжил,,,9.81767,46.3,12300,12371,0.0706732,1.07477,-0.728518,False,True,коэффициент_автономии;убыток_2года
6229053772,выжил,,,9.81767,47.52,65000,,1,,,False,,
6229075871,выжил,,,9.81767,68.20,12300,16615,0.743545,,-1.11656,False,False,
6230054555,выжил,,,9.81767,32.5,12300,14694,0.593284,,0.0406111,False,False,
6230070370,выжил,,,9.81767,69,12300,,0.865721,,,False,,
6230083210,выжил,,,9.81767,68.20,12300,4052,0.262867,0.272846,-0.0443299,False,False,текущая_ликвидность
6230094621,выжил,,,9.81767,52.29,12300,31244,0.0546345,1.49911,-0.17441,False,False,коэффициент_автономии
6230111500,выжил,,,9.81767,43.39,12300,10564,0.00327316,1.00328,,False,False,коэффициент_автономии
6234031372,выжил,,,9.81767,,12300,212623,0.852565,6.4672,0.0431482,False,False,
6234071752,выжил,,,9.81767,68.20,12300,32007,0.908552,,-0.0856455,False,False,
6234081510,выжил,,,9.81767,62.01,12300,1721,0.633663,2.72973,-2.51224,False,False,
6234084857,выжил,,,9.81767,45.31.1,12300,0,0.990617,106.571,,False,True,убыток_2года
6234089703,выжил,,,9.81767,47.73,12300,266555,0.723833,,0.217212,False,False,
6234094421,выжил,,,9.81767,46.47.1,12300,3300,-0.161321,,0.296825,True,False,коэффициент_автономии;ча_отрицательные_2года
6234106324,выжил,2025,Tender,9.81767,,12300,104070,0.0902272,1.19587,-0.166077,False,False,коэффициент_автономии
6234135950,выжил,,,9.81767,46.73,12165,15301,0.0748111,0.928813,-0.179722,False,False,коэффициент_автономии;текущая_ликвидность
6234160787,банкрот,2023,ProceedingsStopped,1,41.20,12300,,-2470.1,0.000404678,,False,,коэффициент_автономии;текущая_ликвидность
6234161445,выжил,,,9.81767,95.11,12300,2447,0.234016,,0.369979,False,False,
6234178329,выжил,,,9.81767,74.90,12300,5517,0.0456575,0.650861,0.0329535,False,False,коэффициент_автономии;текущая_ликвидность
6234184837,выжил,,,9.81767,86.23,12300,5788,0.298065,2.1938,-0.302723,False,False,
6311114393,выжил,,,9.81767,46.73.3,12300,14579,0.554278,,-1.12801,False,False,
6311139510,выжил,,,9.81767,,12300,6340,0.959986,24.9534,-1.21291,False,False,
6311178485,выжил,,,9.81767,90.02,12300,144,0.819865,,-0.0212766,False,False,
6311184538,выжил,,,9.81767,,12300,7237,0.0145459,,0.174141,False,False,коэффициент_автономии
6312105401,выжил,,,9.81767,68.3,12300,2104,1,,,False,False,
6312146239,выжил,,,9.81767,33.12,12300,17164,0.952309,20.9682,0.00889248,False,False,
6312146937,банкрот,2022,ProceedingsFinished,1,41.20,12300,245871,0.00870079,2.6769,0.00482065,False,False,коэффициент_автономии
6312153109,выжил,,,9.81767,49.4,12300,36085,0.0686818,,0.0219542,False,False,коэффициент_автономии
6312207604,выжил,,,9.81767,45.11.2,12300,,-18.9487,0.0501285,,False,False,коэффициент_автономии;текущая_ликвидность
6312208206,выжил,,,9.81767,43.29,12300,364,-0.0306122,0.970297,,False,False,коэффициент_автономии;текущая_ликвидность
6312209190,выжил,,,9.81767,73.11,12300,1648,0.85461,,,,False,
6313005287,выжил,,,9.81767,63.11.1,12300,168,0.928571,,0,False,False,
6313553974,выжил,,,9.81767,45.32,12300,3783,0.841207,,-0.810914,False,False,
6313559990,выжил,,,9.81767,41.20,12300,,,,,False,,
6314025208,выжил,,,9.81767,68.20.2,12300,286,1,,0,False,False,
6314036841,выжил,,,9.81767,68.2,12300,,0.934103,0.0513885,,False,True,текущая_ликвидность;убыток_2года
6315023838,выжил,,,9.81767,46.46,12300,709,0.101634,,0.236814,False,False,
6315598804,выжил,,,9.81767,58.13,12300,1038,0.384106,,0.151961,False,True,убыток_2года
6316188617,выжил,,,9.81767,43.91,12300,41678,0.0196395,1.00982,-0.758417,False,False,коэффициент_автономии
6316228122,выжил,,,9.81767,82.91,12300,80501,0.930643,14.4154,-1.5061,False,False,
6316255800,выжил,,,9.81767,94.99,20200,2807,0.879243,,-0.623482,False,False,
6317077268,выжил,,,9.81767,,12300,728040,0.0370873,0.991111,-0.26073,False,False,коэффициент_автономии;текущая_ликвидность
6317081881,выжил,,,9.81767,69.10,12300,900,0.125575,,0,False,False,
6317090406,выжил,,,9.81767,33.12,12300,,,,,False,,
6317125923,выжил,,,9.81767,32.50,12300,10221,0.579009,,-0.404948,False,False,
6317154177,банкрот,2022,ProceedingsStopped,1,69.10,12300,4382,-0.128788,,,,False,коэффициент_автономии
6318004463,выжил,,,9.81767,25.12,12300,9682,0.89456,,0.633396,False,False,падение_выручки
6318012873,выжил,,,9.81767,25.11,12300,2596,0.637306,,-0.0648072,False,False,
6318037363,выжил,,,9.81767,43.91,12300,4654,0.0934461,,0.373536,False,False,коэффициент_автономии
6318039970,выжил,,,9.81767,49.41,12300,33048,0.185294,1.18644,-0.424421,False,False,
6318056180,выжил,,,9.81767,,12300,7671,0.137827,,-0.728481,False,False,
6318057539,выжил,,,9.81767,71.12,12300,27041,0.000636605,,-3.15823,False,False,коэффициент_автономии
6318147694,выжил,,,9.81767,95.12,12300,1725,0.631579,2.71429,-0.223404,False,False,
6318180606,выжил,,,9.81767,68.32.1,20716,,,,,,,
6318228745,выжил,,,9.81767,73.11,12300,6686,0.58815,,-0.746148,False,False,
6319097132,выжил,,,9.81767,68.20,12300,5279,0.746537,3.15953,-0.0189153,False,False,
6319160137,выжил,,,9.81767,43.21,12300,9300,0.845336,,-2.05318,False,False,
6319177081,выжил,,,9.81767,46.69.9,12300,2432,0.40113,1.66981,-0.0685413,False,False,
6319226645,банкрот,2022,ProceedingsFinished,1,41.20,12300,67791,0.00247282,1.0026,-0.425468,False,False,коэффициент_автономии
6319234597,выжил,,,9.81767,46.41,12300,161757,0.416851,1.71483,0.16494,False,False,
6319253470,выжил,,,9.81767,49.42,12300,920,1,,,,False,
6319253624,выжил,,,9.81767,62.01,12300,,-42.1429,0.0302594,,False,False,коэффициент_автономии;текущая_ликвидность
6320040677,выжил,,,9.81767,46.90,12300,14913,0.0143903,1.0146,0.172144,False,False,коэффициент_автономии
6321086723,выжил,,,9.81767,68.32,12300,24733,0.0998285,,-0.00422266,False,False,коэффициент_автономии
6321143509,выжил,,,9.81767,68.32.2,71400,4437,,,-0.0349895,,False,
6321227967,выжил,,,9.81767,,12300,2283,-3.04202,0.247401,-0.469112,True,False,коэффициент_автономии;текущая_ликвидность;ча_отрицательные_2года
6321365854,выжил,,,9.81767,52.29,12300,2718,0.328638,,-0.463651,False,False,
6321459340,выжил,,,9.81767,43.99.4,12300,3238,0.0262314,0.959892,0.72139,False,False,коэффициент_автономии;падение_выручки;текущая_ликвидность
6321459693,банкрот,2022,ProceedingsStopped,1,46.69.5,12300,4099,0.0376079,,-7.55741,False,False,коэффициент_автономии
6322034083,выжил,,,9.81767,56.10,12300,,1,,,False,,
6323100236,выжил,,,9.81767,61.20.5,12300,690,0.202046,,-0.503268,False,False,
6324033198,выжил,,,9.81767,45.32.1,12300,416153,0.0433254,1.00891,-0.628811,False,False,коэффициент_автономии
6324044425,выжил,,,9.81767,46.73.6,12300,,0.945155,,,False,,
6324044880,выжил,,,9.81767,79.11,12300,13599,0.289499,,-0.893747,False,False,
6324068948,выжил,,,9.81767,47.30,12300,,0.0163399,,,False,False,коэффициент_автономии
6325034780,выжил,,,9.81767,47.78.9,12300,781,0.530333,,-0.104668,False,False,
6325036522,выжил,,,9.81767,60.10,19000,2109,1,,0.059322,False,False,
6325066799,выжил,,,9.81767,46.46,12300,206,,,0.569038,,False,падение_выручки
6330029680,выжил,,,9.81767,45.20,12300,10405,0.969291,28.4085,0.361578,False,False,
6330049132,выжил,,,9.81767,64.2,12300,2900,0.751244,,-0.380952,False,False,
6330073921,выжил,,,9.81767,46.73.6,12300,1258,0.0127437,,0.9465,False,False,коэффициент_автономии;падение_выручки
6376016605,выжил,,,9.81767,36.00.1,65243,17885,0.855737,5.97088,-0.0300639,False,True,убыток_2года
6376019780,выжил,,,9.81767,,20716,,,,,True,,ча_отрицательные_2года
6376029731,выжил,,,9.81767,,12300,89,-1.13235,,,,False,коэффициент_автономии
6377002595,банкрот,2022,Tender,1,01.11,12300,11522,0.285871,4.19281,0.330661,False,False,
6382019322,выжил,,,9.81767,,12300,14172,0.283126,1.35229,-1.16168,False,False,
6382075711,выжил,,,9.81767,46.39,12300,,1,,,False,,
6382081810,выжил,,,9.81767,93.19,12300,550,-3.925,,,True,True,коэффициент_автономии;убыток_2года;ча_отрицательные_2года
6408000135,выжил,,,9.81767,25.99,12300,806,0.460461,,-0.354622,False,False,
6415902960,выжил,,,9.81767,,30006,917,1,,-0.448657,False,False,
6432012780,выжил,,,9.81767,,12300,67380,0.267338,0.804228,-0.116543,False,False,текущая_ликвидность
6432234230,выжил,,,9.81767,68.32.2,20702,,,4.35106,,,,
6434007592,выжил,,,9.81767,68.32.2,20702,,,,,,,
6439091527,выжил,,,9.81767,68.32,20700,28,,102.346,0.45098,,False,
6439098868,выжил,,,9.81767,42.11,12300,37160,0.000922765,,,,False,коэффициент_автономии
6449005830,выжил,,,9.81767,43.13,12267,16637,0.809043,5.19638,0.301231,False,False,
6449072749,выжил,,,9.81767,79.11,12300,1560,0.987633,73.1429,-1.87293,False,False,
6449075429,выжил,,,9.81767,41.20,12300,,0.10508,0.288952,,False,False,текущая_ликвидность
6449095866,выжил,,,9.81767,64.30,12300,,,,,False,False,
6450064301,выжил,,,9.81767,,20702,,,6.34118,,,,
6450095596,выжил,,,9.81767,66.19,12300,1286,-0.827844,,0.615431,True,False,коэффициент_автономии;падение_выручки;ча_отрицательные_2года
6450609523,банкрот,2024,ProceedingsFinished,1,35.30.4,12300,15982,0.161506,1.55126,0.610319,False,False,падение_выручки
6450919638,выжил,,,9.81767,68.32.1,20716,1,,,0,,True,убыток_2года
6451002354,выжил,,,9.81767,,20101,,,,,,,
6451018202,выжил,,,9.81767,46.90,12300,4565,1,,,False,False,
6451107396,выжил,,,9.81767,,12267,24662,0.935335,14.5998,0.0472842,False,False,
6451415930,выжил,,,9.81767,47.73,12300,157676,-3.2541,0.605311,-0.0801428,True,True,коэффициент_автономии;текущая_ликвидность;убыток_2года;ча_отрицательные_2года
6452125341,выжил,2025,Tender,9.81767,41.20,12300,19630,0.0587453,1.09591,0.652345,False,False,коэффициент_автономии;падение_выручки
6452952567,выжил,,,9.81767,,12300,505,0.472088,1.89426,0.584704,False,,падение_выручки
6453064980,выжил,,,9.81767,,12300,1024,0.73927,,0.915741,False,False,падение_выручки
6453086448,выжил,,,9.81767,43.31,12300,29603,0.131767,1.15176,0.0179798,False,False,
6453132662,выжил,,,9.81767,46.73,12300,18124,0.468781,,-0.380771,False,False,
6453142220,банкрот,2024,Tender,1,68.32.1,12300,,1,,,False,,
6453144717,выжил,,,9.81767,52.21.24,20101,,,,,False,,
6453148920,выжил,,,9.81767,71.12,12300,10495,0.888283,5.44186,-0.487176,False,False,
6453161078,выжил,,,9.81767,46.73,12300,4733,-0.178201,,-0.74392,False,False,коэффициент_автономии
6454056968,выжил,,,9.81767,45.3,12300,12651,0.991881,,0.100917,False,False,
6455043626,банкрот,2023,Tender,1,68.32.1,12300,52151,-0.0514963,,0.312754,True,True,коэффициент_автономии;убыток_2года;ча_отрицательные_2года
6455063742,выжил,,,9.81767,41.20,12300,41193,-0.0200739,,-0.112993,True,False,коэффициент_автономии;ча_отрицательные_2года
6455069293,банкрот,2023,Tender,1,01.11,12300,16062,-0.232075,1.74394,0.578978,True,True,коэффициент_автономии;падение_выручки;убыток_2года;ча_отрицательные_2года
6501036249,выжил,,,9.81767,68.20.29,12267,50003,0.960926,9.48418,0.0866698,False,False,
6501189936,выжил,,,9.81767,69.20,12300,7286,0.948036,,-1.06052,False,False,
6501194414,выжил,,,9.81767,,20716,3741,,2.30583,-0.00618612,,False,
6501218312,выжил,,,9.81767,68.32.1,12300,3742,-0.180456,0.84713,-0.0348451,False,True,коэффициент_автономии;текущая_ликвидность;убыток_2года
6501233945,банкрот,2023,Tender,1,10.20,12300,,,,,False,,
6501240501,выжил,,,9.81767,46.38.1,12300,241017,0.206918,1.75715,-0.306021,False,False,
6501267359,банкрот,2023,ProceedingsFinished,1,23.63,12300,150421,0.56092,3.72589,0.122239,False,False,
6501269388,выжил,,,9.81767,,12300,49701,0.443743,,-0.172802,False,False,
6501270619,выжил,,,9.81767,03.11,12300,8870,0.387039,,0.626338,False,False,падение_выручки
6501286055,выжил,,,9.81767,41.20,12300,0,0.722433,,1,False,False,падение_выручки
6501298950,выжил,,,9.81767,,12300,93919,0.467723,1.86877,-0.0982109,False,False,
6501301144,банкрот,2023,Tender,1,42.12,12300,167048,0.112775,1.14797,0.50877,False,False,падение_выручки
6501307347,выжил,,,9.81767,41.20,12300,1075,-4.35052,,-0.429521,True,False,коэффициент_автономии;ча_отрицательные_2года
6501307851,выжил,,,9.81767,25.12,12300,17324,0.750312,,-0.914677,False,False,
6511005698,выжил,,,9.81767,,12100,160,-0.403614,0.708155,0.886364,True,True,коэффициент_автономии;падение_выручки;текущая_ликвидность;убыток_2года;ча_отрицательные_2года
6601014810,выжил,,,9.81767,46.73.1,12300,85704,0.45648,,-0.0402865,False,False,
6603012141,выжил,,,9.81767,01.13.1,20701,0,,,,,False,
6606022701,выжил,,,9.81767,47.11.1,12300,2860,0.518717,,0.500524,False,True,падение_выручки;убыток_2года
6611008251,выжил,,,9.81767,43.12.3,12300,26358,0.000472434,,0.378789,False,False,коэффициент_автономии
6612012540,выжил,,,9.81767,45.31.1,12300,,,,,,,
6617017823,выжил,,,9.81767,,20202,,,,,,,
6617023680,выжил,,,9.81767,68.32,12300,1403,0.869019,,-0.00429492,False,False,
6619005750,выжил,,,9.81767,68.32.1,12300,58793,0.438346,,0.0112675,False,False,
6623028767,выжил,,,9.81767,46.31,12300,512520,0.238688,1.38632,-0.315284,False,False,
6623039110,выжил,,,9.81767,86.10,12300,1806,0.993462,,0.215805,False,False,
6623074548,выжил,,,9.81767,73.1,12300,14440,0.927728,9.98459,-0.430411,False,False,
6625029396,выжил,,,9.81767,62.02,12300,6978,0.990821,43.68,-0.0471188,False,False,
6625044059,выжил,,,9.81767,24.10.6,12165,40656,0.146735,,-0.34258,False,False,
6625051987,выжил,,,9.81767,68.32.2,21001,,1,,,False,,
6627023167,выжил,,,9.81767,68.32.2,20702,,,,,,,
6631002882,выжил,,,9.81767,94.20,20202,,0,1,,False,,коэффициент_автономии
6634012590,выжил,,,9.81767,,12300,326,0.0332226,,-1.54688,False,True,коэффициент_автономии;убыток_2года
6646008936,выжил,,,9.81767,85.11,75404,,,,,,,
6648104265,выжил,,,9.81767,46.44.1,12300,3279,0.982955,58.6667,0.204319,False,False,
6658209482,выжил,,,9.81767,71.12.4,12300,3385,0.981558,,-1.31532,False,False,
6658270328,выжил,,,9.81767,55.1,12300,20210,0.896006,,-0.290879,False,False,
6658294230,выжил,,,9.81767,63.11.1,12300,,1,,,False,,
6658372383,выжил,,,9.81767,63.11.1,12300,104847,0.587418,,-0.0340349,False,False,
6658409837,выжил,,,9.81767,46.43.2,12300,0,-32.7559,,,True,False,коэффициент_автономии;ча_отрицательные_2года
6658440523,выжил,,,9.81767,71.1,19000,1931,0.73236,,0.217268,False,True,убыток_2года
6658486158,выжил,,,9.81767,46.90,12300,48946,0.286965,,-0.293738,False,False,
6658517776,выжил,,,9.81767,38.11,12300,,,,,,,
6658538818,выжил,,,9.81767,,12300,255891,-0.0549926,2.60816,,False,False,коэффициент_автономии
6658539297,выжил,,,9.81767,49.41,12300,6827,0.0794584,,,,False,коэффициент_автономии
6658548936,выжил,,,9.81767,56.10,12300,0,1,,,False,False,
6659101805,выжил,,,9.81767,47.62.2,12300,54348,0.137409,1.1545,0.316713,False,False,
6659120861,выжил,,,9.81767,47.30,12165,,0.500587,2.00235,,False,,
6659189380,выжил,,,9.81767,,12300,764,-15,,-0.342707,True,False,коэффициент_автономии;ча_отрицательные_2года
6660060800,выжил,,,9.81767,68.10,12300,,-19.4183,,,True,,коэффициент_автономии;ча_отрицательные_2года
6661002696,выжил,,,9.81767,94.99,20200,783,0,,0.0733728,,False,коэффициент_автономии
6662015754,банкрот,2022,ProceedingsStopped,1,46.72.2,12267,0,0.729993,3.21182,,False,False,
6662088329,выжил,,,9.81767,68.32.2,21002,,0,1,,False,,коэффициент_автономии
6665001213,выжил,,,9.81767,,12267,297719,0.542373,3.2861,-0.119918,False,False,
6667009144,выжил,,,9.81767,68.20.2,12300,17122,-0.659027,,-0.500613,True,False,коэффициент_автономии;ча_отрицательные_2года
6670108699,выжил,,,9.81767,,12300,3302,0.642746,,-0.185212,False,False,
6670196906,выжил,,,9.81767,,12300,120481,0.304442,1.45251,-0.0454246,False,False,
6670263479,выжил,,,9.81767,25.11,12300,16137,0.14308,1.16697,-0.125706,False,False,
6670272547,банкрот,2023,ProceedingsStopped,1,,12300,,-0.0910966,,,False,False,коэффициент_автономии
6670275386,выжил,,,9.81767,69.20,20614,,,,,,False,
6670318167,выжил,,,9.81767,,12300,1126,0.321902,,0.494841,False,False,
6670336279,выжил,,,9.81767,,12300,8911,0.860985,,-0.45367,False,False,
6670355779,выжил,,,9.81767,68.32,12300,0,0.22468,,1,False,True,падение_выручки;убыток_2года
6670376440,выжил,,,9.81767,28.1,12300,,0.00392773,,,False,,коэффициент_автономии
6670426028,выжил,,,9.81767,46.47,12300,767,0.0196982,0.916221,0.880623,False,False,коэффициент_автономии;падение_выручки;текущая_ликвидность
6670438016,выжил,,,9.81767,71.12,12300,38945,0.21381,1.05855,-0.307845,False,False,
6670462795,выжил,,,9.81767,46.72,12300,9436,0.213494,,0.513784,False,False,падение_выручки
6670491595,выжил,,,9.81767,43.21,12300,4126,0.352688,,-10.6554,False,False,
6670494444,выжил,,,9.81767,46.69.5,12300,6005,0.290323,,-1.14082,False,False,
6670499900,выжил,,,9.81767,88.10,20401,,,,,,,
6671002039,выжил,,,9.81767,73.11,12300,1600,0.516867,,-0.99005,False,False,
6671012968,банкрот,2023,Tender,1,43.21,12300,555138,0.0307348,0.984478,-0.87508,False,False,коэффициент_автономии;текущая_ликвидность
6671019000,выжил,,,9.81767,71.1,12300,0,0.00347436,1.92568,,False,False,коэффициент_автономии
6671023342,выжил,,,9.81767,71.11.1,19000,10138,0.345344,1.52752,-0.0187921,False,False,
6671037546,выжил,,,9.81767,,12300,7979,0.145855,1.17076,0.262092,False,False,
6671071392,выжил,,,9.81767,41.20,12300,,-1.22344,,,True,True,коэффициент_автономии;убыток_2года;ча_отрицательные_2года
6671080799,выжил,2025,Tender,9.81767,41.20,12300,168141,0.0580715,,0.479211,False,False,коэффициент_автономии
6671100396,выжил,,,9.81767,45.31,12300,17855,0.0682332,,-1.34502,False,False,коэффициент_автономии
6671101826,выжил,,,9.81767,46.72.2,12300,8050,-0.00838355,,0.190548,True,False,коэффициент_автономии;ча_отрицательные_2года
6671109913,выжил,,,9.81767,46.69,12300,95,0.00694444,1.00699,,False,False,коэффициент_автономии
6671235080,выжил,,,9.81767,,12300,,1,,,False,,
6671285500,выжил,,,9.81767,62.0,10000,172,0.0617284,,0.581509,False,False,коэффициент_автономии;падение_выручки
6671464026,выжил,,,9.81767,47.52.72,12300,11745,-0.413865,,-0.770692,True,False,коэффициент_автономии;ча_отрицательные_2года
6672186861,выжил,,,9.81767,45.31.1,12300,0,1,,,False,False,
6672191879,выжил,,,9.81767,,12300,5924,0.951401,,-0.57637,False,False,
6672195136,выжил,,,9.81767,,12300,266864,0.111254,1.12052,-0.0761122,False,False,
6672305029,выжил,,,9.81767,46.72.21,12300,236598,0.247261,,-0.740971,False,False,
6673124096,выжил,,,9.81767,,12300,,1,,,False,,
6673168706,выжил,,,9.81767,68.20,12300,1666,0.596326,,-0.319082,False,False,
6673203397,выжил,,,9.81767,96.0,12300,0,,,,True,False,ча_отрицательные_2года
6673214945,выжил,,,9.81767,93.29.9,71400,1299,1,,0.015163,False,False,
6673226620,выжил,,,9.81767,41.2,12300,,1,,,False,,
6673247852,выжил,,,9.81767,43.2,12165,217,0.859928,,0.771819,False,False,падение_выручки
6674100404,банкрот,2022,Tender,1,68.32.2,20701,,,,,,,
6674345884,выжил,,,9.81767,23.99.2,12300,189407,0.00977186,,-1.18887,False,False,коэффициент_автономии
6674351990,выжил,,,9.81767,,12300,,-0.128415,0.886199,,True,,коэффициент_автономии;текущая_ликвидность;ча_отрицательные_2года
6674363210,выжил,,,9.81767,,12300,0,1,,,False,True,убыток_2года
6674368899,выжил,,,9.81767,46.46,12300,147915,0.873228,,-0.0238245,False,False,
6677014721,выжил,,,9.81767,,12300,30,0.10089,,,,False,
6678024112,выжил,,,9.81767,45.3,12165,,1,,,False,,
6678042263,выжил,,,9.81767,46.69.5,19000,21588,0.625024,2.66684,0.655193,False,False,падение_выручки
6678054251,выжил,,,9.81767,68.32,12165,5736,-0.226843,0.8151,0.636893,True,True,коэффициент_автономии;падение_выручки;текущая_ликвидность;убыток_2года;ча_отрицательные_2года
6678066088,банкрот,2024,Tender,1,68.32,12300,55908,0.0257052,,-0.072555,False,False,коэффициент_автономии
6678067395,выжил,,,9.81767,46.74.2,12300,952,0.0864877,,0.718842,False,False,коэффициент_автономии;падение_выручки
6678067772,выжил,,,9.81767,68.32,20701,,,21.1,,,,
6678068896,выжил,,,9.81767,85.42,71400,5311,,,-0.0152934,,False,
6678079827,выжил,,,9.81767,25.11,12300,12965,0.15817,,0.563012,False,False,падение_выручки
6678091038,выжил,,,9.81767,71.12,12300,4503,0.65923,,-0.159372,False,False,
6678096251,выжил,,,9.81767,81.30,12300,4803,1,,-479.3,False,False,
6678106527,выжил,2026,Watching,9.81767,17.21,12300,14133,0.0595435,0.73637,-2.20331,False,False,коэффициент_автономии;текущая_ликвидность
6678108115,выжил,,,9.81767,,12300,126554,0.862136,6.14757,-0.0480402,False,False,
6678115088,выжил,,,9.81767,46.63,12300,3210,0.0111977,1.01132,,False,False,коэффициент_автономии
6679026828,выжил,,,9.81767,,12300,214,-0.310345,0.763158,-0.621212,True,False,коэффициент_автономии;текущая_ликвидность;ча_отрицательные_2года
6679036103,выжил,,,9.81767,23.20,12165,28596,0.453149,,-0.0367255,False,False,
6679043767,выжил,,,9.81767,,12300,2.63445e+06,0.288316,1.26014,-0.683225,False,False,
6679050482,выжил,,,9.81767,53.20.31,12165,48348,0.0543758,1.01019,-0.217006,False,False,коэффициент_автономии
6679070753,выжил,,,9.81767,46.74.2,12300,0,1,,1,False,,падение_выручки
6679074194,выжил,,,9.81767,,12300,242919,0.0635293,,-0.271361,False,False,коэффициент_автономии
6679078689,выжил,,,9.81767,46.13,12300,,,,,,,
6679113527,выжил,,,9.81767,,12300,4400,0.256874,,0.211045,False,False,
6679118483,выжил,,,9.81767,46.90,12300,12636,0.684987,3.17961,0.700128,False,False,падение_выручки
6680008439,выжил,,,9.81767,95.12,12300,4756,0.0102564,,-0.649098,False,False,коэффициент_автономии
6680008460,банкрот,2023,Tender,1,,65243,7850,-2.6722,0.272317,0.246713,True,True,коэффициент_автономии;текущая_ликвидность;убыток_2года;ча_отрицательные_2года
6682014396,выжил,,,9.81767,82.20,12300,2331,0.0666394,,-0.289983,False,False,коэффициент_автономии
6683001400,выжил,,,9.81767,,20702,,,,,,,
6683007120,выжил,,,9.81767,68.32,20716,0,,,,,False,
6684025668,выжил,,,9.81767,43.21,12300,2733,0.741984,,,False,False,
6684028482,выжил,,,9.81767,47.91.2,12300,21,0.380914,,0.926316,False,False,падение_выручки
6684033066,выжил,,,9.81767,25.11,12300,20404,0.247746,1.32934,-4.15643,False,False,
6685065487,банкрот,2022,ProceedingsStopped,1,41.20,12300,68177,0.386116,,0.062021,False,False,
6685085980,выжил,,,9.81767,,12300,2230,0.352381,,-0.457516,False,False,
6685086906,выжил,,,9.81767,79.11,12300,5085,0.0762305,,-4.35827,False,False,коэффициент_автономии
6685088325,выжил,,,9.81767,41.20,12300,271189,0.000784521,1.00174,0.356148,False,False,коэффициент_автономии
6685100131,выжил,,,9.81767,46.31,12300,15261,0.458462,,-0.13676,False,False,
6685132060,выжил,,,9.81767,,12300,19261,0.439738,,-0.473117,False,False,
6685181846,выжил,,,9.81767,49.20,12300,73084,0.312513,1.45457,,False,False,
6685189500,выжил,,,9.81767,23.61,12300,8313,-0.00700701,,,,False,коэффициент_автономии
6686006117,выжил,,,9.81767,,12300,300,-0.077957,0.927681,0.986576,True,False,коэффициент_автономии;падение_выручки;текущая_ликвидность;ча_отрицательные_2года
6686050003,выжил,,,9.81767,,12300,233402,0.570823,2.31675,0.238825,False,False,
6686051529,выжил,,,9.81767,69.10,12300,,-17.6857,,,True,,коэффициент_автономии;ча_отрицательные_2года
6686060555,выжил,,,9.81767,47.29,12300,,0.988443,86.5294,,False,,
6686068339,выжил,,,9.81767,72.20,10000,0,0.0813953,,1,False,True,коэффициент_автономии;падение_выручки;убыток_2года
6714000198,выжил,,,9.81767,01.11.1,12300,,-5.9901,,,True,True,коэффициент_автономии;убыток_2года;ча_отрицательные_2года
6722024379,выжил,,,9.81767,45.31.1,12300,0,0.154762,,1,False,False,падение_выручки
6722031908,выжил,,,9.81767,78.30,12300,100436,0.309789,1.44891,-0.514209,False,False,
6725001228,выжил,,,9.81767,49.31.2,65243,1138,0.966561,27.6588,0.914565,False,False,падение_выручки
6726023489,выжил,,,9.81767,03.22.5,12300,,,,,False,False,
6727029677,выжил,,,9.81767,71.12.1,12300,,1,,,False,,
6729035404,выжил,,,9.81767,46.49.33,12300,,0.994276,,,False,False,
6731068968,выжил,,,9.81767,69.10,12300,0,-1.51515,,1,True,False,коэффициент_автономии;падение_выручки;ча_отрицательные_2года
6732013270,выжил,,,9.81767,85.42.1,75500,,1,,,False,,
6732056820,выжил,,,9.81767,46.4,12300,577,0.229268,0.262371,0.265903,False,False,текущая_ликвидность
6732056845,выжил,,,9.81767,41.20,12300,142244,0.853687,,-0.637756,False,False,
6732059074,выжил,,,9.81767,41.2,12300,,1,,,False,,
6732063360,выжил,,,9.81767,46.90,12300,26361,0.697328,,-0.335072,False,False,
6732078790,выжил,,,9.81767,46.46,12300,4261,0.640904,,-4.93454,False,False,
6732079190,выжил,,,9.81767,,12300,2139,0.73494,,0.0505992,False,False,
6732081866,выжил,,,9.81767,01.13.1,20702,,,,,False,,
6732102178,выжил,,,9.81767,41.20,12300,,0.956286,22.8759,,False,,
6732112338,выжил,,,9.81767,46.38,12300,647392,0.199583,1.24873,-0.235417,False,False,
6732129973,выжил,,,9.81767,93.21,12300,,0.240113,,,False,,
6732178353,выжил,,,9.81767,52.29,12300,0,-3.38462,,1,True,False,коэффициент_автономии;падение_выручки;ча_отрицательные_2года
6732186820,выжил,,,9.81767,35.11,12300,81008,0.429452,2.99553,-0.501733,False,False,
6732194877,выжил,,,9.81767,73.11,12300,206,0.119266,,0.326797,False,False,
6732200312,выжил,,,9.81767,46.76,12300,365,0.00115785,1.00116,0.739286,False,False,коэффициент_автономии;падение_выручки
6820035851,выжил,,,9.81767,,12300,3092,-0.13204,,0.629123,True,False,коэффициент_автономии;падение_выручки;ча_отрицательные_2года
6820036823,выжил,,,9.81767,41.20,12300,62305,0.0722167,1.05934,-0.221044,False,False,коэффициент_автономии
6829067664,выжил,,,9.81767,45.11.2,12300,791886,0.37263,1.54445,-0.661204,False,False,
6829089354,выжил,,,9.81767,41.2,12300,12419,-0.0515328,,0.308095,True,False,коэффициент_автономии;ча_отрицательные_2года
6829107275,выжил,,,9.81767,46.44,12300,53299,0.129579,0.998146,-0.995545,False,False,текущая_ликвидность
6829118051,выжил,,,9.81767,88.10,71400,,1,,,False,,
6829120413,выжил,,,9.81767,26.60.1,19000,3656,-0.664384,4.83444,-1.34359,True,False,коэффициент_автономии;ча_отрицательные_2года
6829154395,выжил,,,9.81767,68.32,12300,37354,0.0104413,,-6.63885,False,False,коэффициент_автономии
6832030103,выжил,,,9.81767,46.75.1,12267,4.87896e+06,0.219355,1.21234,-0.475783,False,False,
6832034919,выжил,,,9.81767,33.14,12300,2663,0.656371,2.39326,-1.13896,False,False,
6901029422,выжил,,,9.81767,49.42,12300,3451,0.598684,,-1724.5,False,False,
6901058286,выжил,,,9.81767,68.20.2,12300,0,,,1,False,False,падение_выручки
6901078483,выжил,,,9.81767,96.03,12300,4987,0.737342,,0.20208,False,False,
6901080404,выжил,,,9.81767,15.20,12300,28036,0.0989553,1.04237,0.420648,False,False,коэффициент_автономии
6904019260,выжил,,,9.81767,,20102,,,2.82852,,,,
6904043111,выжил,,,9.81767,10.83,12300,,1,,,False,,
6905069024,выжил,,,9.81767,68.20.2,12300,2051,0.975858,27.3684,-0.231832,False,False,
6906013419,выжил,,,9.81767,94.99,20200,,,,,,,
6910003406,выжил,,,9.81767,94.99,20217,4186,,19.8563,-0.228286,,False,
6910020730,выжил,,,9.81767,68.32,20101,,0,,,,,коэффициент_автономии
6911000447,выжил,,,9.81767,72.19,12300,0,1,,,False,False,
6914010884,выжил,,,9.81767,80.10,12300,,1,,,False,,
6914017255,выжил,,,9.81767,26.51.6,12300,7949,0.898345,,-0.279826,False,False,
6915015620,выжил,,,9.81767,,12300,3033,0.980336,23.942,0.0811875,False,False,
6925009672,выжил,,,9.81767,47.2,12300,22314,0.793601,4.84498,0.0195958,False,False,
6933002215,банкрот,2024,Tender,1,52.21.22,12267,59395,0.587125,2.28828,-0.0436288,False,False,
6950025452,выжил,,,9.81767,69.10,20600,,,,,,,
6950084803,выжил,,,9.81767,,12300,7827,0.649236,2.77853,0.107526,False,False,
6950136297,выжил,,,9.81767,62.0,12300,78065,0.971335,,-0.58469,False,False,
6950172337,банкрот,2023,Tender,1,,12300,89792,0.14004,,-0.727633,False,False,
6950179205,выжил,,,9.81767,,12300,,0.111138,,,False,False,
6950185551,выжил,,,9.81767,69.10,12300,0,0.268513,,1,False,False,падение_выручки
6950187157,выжил,,,9.81767,96.02,12300,371,-13.3333,,0.511842,False,False,коэффициент_автономии;падение_выручки
6950187319,выжил,,,9.81767,46.73.6,12300,,0.0020419,,,False,,коэффициент_автономии
6950191481,выжил,,,9.81767,46.69,12300,,-0.519945,,,True,True,коэффициент_автономии;убыток_2года;ча_отрицательные_2года
6950209315,выжил,,,9.81767,69.20,12300,524,0.786364,,0.708727,False,False,падение_выручки
6950233484,выжил,,,9.81767,68.32,20716,,1,,,False,,
6952009375,выжил,,,9.81767,47.78,12300,538,0.757895,,0.980979,False,False,падение_выручки
6952041481,выжил,,,9.81767,68.31,12300,,1,,,False,False,
6952315904,выжил,,,9.81767,,12300,1587,0.40404,,-2.2454,False,False,
6952317884,выжил,,,9.81767,46.73,12300,1155,-0.0134862,,,True,False,коэффициент_автономии;ча_отрицательные_2года
6952320213,выжил,,,9.81767,25.62,12300,,1,,,False,,
7014061574,выжил,,,9.81767,,12300,98459,0.44289,,-0.350048,False,False,
7017030976,выжил,,,9.81767,93.21,12267,120516,0.77324,3.01996,-0.894578,False,False,
7017034152,выжил,,,9.81767,58.13,12300,0,0.339869,,1,False,False,падение_выручки
7017053324,выжил,,,9.81767,73.20.1,12165,1579,0.760259,,0.556585,False,False,падение_выручки
7017227411,выжил,,,9.81767,68.20,12300,5216,0.64337,,-1.92213,False,False,
7017230654,выжил,,,9.81767,52.21.24,20101,,,,,False,,
7017285318,выжил,,,9.81767,49.3,12300,3216,0.769231,4.33333,,False,False,
7017312730,выжил,,,9.81767,41.20,12300,,-21.0435,0.0453649,,False,,коэффициент_автономии;текущая_ликвидность
7017360519,банкрот,2024,Watching,1,70.10.1,12300,12733,0.604878,,,False,False,
7017387172,выжил,,,9.81767,46.90,12300,3391,0.939257,16.4628,0.147562,False,False,
7017415380,выжил,,,9.81767,43.29,12300,94678,0.664045,2.97659,0.230679,False,False,
7017446251,выжил,,,9.81767,46.73,12300,0,0.060241,1.0641,1,False,,коэффициент_автономии;падение_выручки
7017449990,выжил,,,9.81767,41.20,12300,,1,,,False,,
7017474788,выжил,,,9.81767,93.11,12300,,-0.0459662,,,False,True,коэффициент_автономии;убыток_2года
7017485437,выжил,,,9.81767,47.75,12300,,1,,,,,
7017999383,выжил,,,9.81767,93.19,20200,,,,,,,
7024035051,выжил,,,9.81767,70.22,12300,472,0.956618,,0.127542,False,False,
7024039715,выжил,,,9.81767,,12300,7649,0.717489,3.53968,-0.28706,False,False,
7024046455,выжил,,,9.81767,43.39,12300,258,0.012487,,,,False,коэффициент_автономии
7100006383,выжил,,,9.81767,41.20,12300,,1,,,,,
7100006418,выжил,,,9.81767,56.10.1,12300,117640,-4.35927,,,,False,коэффициент_автономии
7100015003,выжил,,,9.81767,69.20,12300,,,,,False,,
7106062546,выжил,,,9.81767,94.99,20200,,,,,False,,
7106080432,выжил,,,9.81767,85.42,71400,17391,,,-0.016245,,False,
7106083465,выжил,,,9.81767,47.26,12300,,1,,,False,,
7106087830,выжил,,,9.81767,56.10.1,12300,16690,0.0140845,0.858571,-0.284834,False,False,коэффициент_автономии;текущая_ликвидность
7106514351,банкрот,2024,Tender,1,46.71,12300,153164,0.116304,1.29417,-0.0786273,False,False,
7106524705,выжил,,,9.81767,73.11,12300,177743,0.128237,,-0.855607,False,False,
7106526974,выжил,,,9.81767,46.6,12300,,1,,,False,,
7107059313,выжил,,,9.81767,69.10,12300,360,0.902439,,0.1,False,False,
7107089646,выжил,,,9.81767,80.10,12300,40866,0.797421,,0.227559,False,False,
7107100963,выжил,,,9.81767,,12300,14485,0.798159,,0.213883,False,False,
7107107239,выжил,,,9.81767,22.29.2,12300,22305,0.583643,2.24928,-0.24248,False,False,
7107120751,выжил,,,9.81767,46.72,12300,163558,0.21139,,-0.600434,False,False,
7107132531,выжил,,,9.81767,46.52,12300,121739,0.221555,,0.0194911,False,True,убыток_2года
7107134546,выжил,,,9.81767,46.74,12300,9233,0.927273,,0.931189,False,False,падение_выручки
7114009909,выжил,,,9.81767,31.09,12300,15329,0.781236,,-0.0958679,False,False,
7115501976,выжил,,,9.81767,68.20.2,19000,7500,0.763658,0.081287,0.372385,False,False,текущая_ликвидность
7116158303,выжил,,,9.81767,68.32.1,12300,13,,,0,True,,ча_отрицательные_2года
7118504397,выжил,,,9.81767,52.21.24,20101,,,,,,,
7129990029,выжил,,,9.81767,87.90,71400,,,,,,,
7130030591,банкрот,2022,ProceedingsFinished,1,46.73,12300,13172,0.00134173,,-62.3269,False,False,коэффициент_автономии
7133027759,выжил,,,9.81767,68.20.1,12300,,1,,,False,,
7148000100,выжил,,,9.81767,43.31,12300,24705,0.777778,,0.00954176,False,False,
7202002268,выжил,,,9.81767,72.19,12300,6323,0.306524,,-0.176153,False,False,
7202102079,выжил,,,9.81767,59.14,19000,72891,9.39161e-05,0.220076,-0.104409,False,,коэффициент_автономии;текущая_ликвидность
7202119160,выжил,,,9.81767,68.20.2,12300,77124,0.578628,1.78827,-2.44365,False,False,
7202124241,выжил,,,9.81767,69.10,20616,,,,,,,
7202137145,выжил,,,9.81767,,20201,0,,10.2075,,,False,
7202173457,выжил,,,9.81767,70.22,20600,,,,,,,
7203175175,выжил,,,9.81767,96.04,12300,,,,,False,,
7203181098,выжил,,,9.81767,46.71.2,12300,1.25731e+06,0.289842,1.4081,-0.447581,False,False,
7203191875,выжил,,,9.81767,68.20,12300,0,0.46776,0.748002,1,False,False,падение_выручки;текущая_ликвидность
7203202742,выжил,,,9.81767,86,12300,2493,0.945205,,-3.92688,False,False,
7203211987,выжил,,,9.81767,71.12.4,12300,152149,0.867854,7.42082,-0.108425,False,False,
7203249540,банкрот,2023,Tender,1,35.12.2,12300,55559,-0.852182,,-0.366765,True,True,коэффициент_автономии;убыток_2года;ча_отрицательные_2года
7203346310,выжил,,,9.81767,43.12,12300,1101,0.988679,,0.542774,False,False,падение_выручки
7203371204,банкрот,2023,Tender,1,46.71,12300,,1,,,False,,
7203407891,банкрот,2022,ProceedingsStopped,1,46.71,12300,256434,0.0314169,1.05709,0.552136,False,False,коэффициент_автономии;падение_выручки
7203408969,выжил,,,9.81767,46.73,12300,,0.127524,1.1726,,False,,
7203428845,выжил,,,9.81767,31.01,12300,6499,0.0227201,0.620135,-2.02842,False,False,коэффициент_автономии;текущая_ликвидность
7203460849,выжил,,,9.81767,,12300,6069,-0.828104,,-0.133122,True,True,коэффициент_автономии;убыток_2года;ча_отрицательные_2года
7203488241,выжил,,,9.81767,49.42,12300,1681,0.121118,,-3.07022,False,False,
7203515311,банкрот,2023,Tender,1,46.73,12300,1.63148e+06,0.00515499,1.1313,,False,False,коэффициент_автономии
7203527733,выжил,,,9.81767,81.30,12300,,1,,,False,,
7203528737,выжил,,,9.81767,46.73,12300,,1,,,False,,
7204105156,выжил,,,9.81767,47.51.1,12300,30114,0.492761,,0.08878,False,False,
7204163888,выжил,,,9.81767,47.22,12300,,1,,,False,,
7204180481,выжил,,,9.81767,46.3,12300,0,1,,1,False,True,падение_выручки;убыток_2года
7204193040,выжил,,,9.81767,45.20,12300,13140,-0.336954,,,True,True,коэффициент_автономии;убыток_2года;ча_отрицательные_2года
7205015177,выжил,,,9.81767,47.11,12300,14746,0.887097,,-18.6876,False,False,
7205029878,выжил,,,9.81767,85.41.9,12300,3290,0.518471,,0.0452699,False,False,
7206049309,выжил,,,9.81767,33.14,12300,,0.842536,,,False,False,
7207018511,выжил,,,9.81767,96.02,12300,0,,,,False,False,
7207019113,выжил,,,9.81767,90.04,71400,73,,,,,False,
7224026777,выжил,,,9.81767,45.31,12300,,-16.7179,,,True,True,коэффициент_автономии;убыток_2года;ча_отрицательные_2года
7224042200,выжил,,,9.81767,33.13,12300,16240,0.939626,,-0.168429,False,False,
7309007371,выжил,,,9.81767,,12300,18635,0.0992215,0.656927,0.271074,False,False,коэффициент_автономии;текущая_ликвидность
7313008040,выжил,,,9.81767,08.1,12300,42733,0.930951,14.295,-5.08126,False,False,
7313012688,выжил,,,9.81767,46.21,19000,44453,0.998909,,-0.550776,False,False,
7321315686,выжил,,,9.81767,10.81,12300,99367,-0.069127,1.05236,-0.231665,True,False,коэффициент_автономии;ча_отрицательные_2года
7325065420,выжил,,,9.81767,68.32,12300,2377,0.323426,,-0.242551,False,False,
7325091349,выжил,,,9.81767,68.20.2,12300,,0.307018,,,False,True,убыток_2года
7325140740,выжил,,,9.81767,46.71,19000,20911,0.4896,2.89583,0.311889,False,False,
7325141871,выжил,,,9.81767,46.75.1,12300,322,0.0622222,1.06635,0.746457,False,True,коэффициент_автономии;падение_выручки;убыток_2года
7325151485,выжил,,,9.81767,38.32.53,12300,50095,0.107146,0.921659,-6.60629,False,False,текущая_ликвидность
7326044729,выжил,,,9.81767,,12300,816,0.212461,,0.942458,False,False,падение_выручки
7326047303,выжил,,,9.81767,46.62,12300,0,1,,,False,False,
7326055311,банкрот,2024,Tender,1,,12300,97721,0.00402365,,-0.0883526,False,False,коэффициент_автономии
7327012575,выжил,,,9.81767,47.52.7,12300,,1,,,False,,
7327063587,выжил,,,9.81767,46.9,12300,,1,,,False,,
7327088782,выжил,,,9.81767,49.41,12300,11604,0.206607,1.26041,0.0736808,False,False,
7327095934,выжил,,,9.81767,46.90,12300,9307,0.000360447,1.14518,-0.727357,False,False,коэффициент_автономии
7328056818,выжил,,,9.81767,16.10,12300,,-1.28571,,,True,,коэффициент_автономии;ча_отрицательные_2года
7328062882,выжил,,,9.81767,36.00.2,12300,1083,0.425483,1.18526,-0.306393,False,True,убыток_2года
7328069310,выжил,,,9.81767,,12300,,0.75,,,False,,
7328072697,выжил,,,9.81767,47.25.1,12300,10413,0.0339426,,-0.14416,False,False,коэффициент_автономии
7328078441,выжил,,,9.81767,41.20,12165,9055,0.634602,1.77157,,False,False,
7328512002,выжил,,,9.81767,,19000,3672,1,,0.197202,False,False,
7329027030,выжил,,,9.81767,68.32.1,12300,1449,0.00840336,,-1.80271,False,False,коэффициент_автономии
7329033771,выжил,,,9.81767,22.29,12300,,-0.195687,4.20134,,False,True,коэффициент_автономии;убыток_2года
7404004719,выжил,,,9.81767,96.02,10000,60,0.357143,1.55556,0.833333,False,False,падение_выручки
7404066240,выжил,,,9.81767,47.11,12300,324,0.930961,,0.765047,False,False,падение_выручки
7404070180,выжил,,,9.81767,28.41.1,12300,154717,0.00328287,,-1.43603,False,False,коэффициент_автономии
7412016210,банкрот,2023,Tender,1,28.1,12267,,1,,,False,,
7415054447,выжил,,,9.81767,,12300,11941,0.426919,,-2.37412,False,False,
7415084233,выжил,,,9.81767,46.3,12165,3207,0.897321,9.73913,0.749922,False,True,падение_выручки;убыток_2года
7415099159,выжил,,,9.81767,33.12,12300,15836,0.0365923,,-0.619554,False,False,коэффициент_автономии
7417019913,выжил,,,9.81767,80.10,12300,23962,0.639282,1.25262,-0.0863671,False,False,
7418016217,выжил,,,9.81767,71.12.4,12165,,0.649123,,,False,False,
7424028482,выжил,,,9.81767,35.30.1,10000,6537,-0.705952,0.586183,-0.305051,False,False,коэффициент_автономии;текущая_ликвидность
7444007466,выжил,,,9.81767,68.20.2,12300,180,0.169492,,0,False,False,
7445017315,выжил,,,9.81767,,75500,294410,,0.813072,-2.62543,,False,текущая_ликвидность
7446032669,выжил,,,9.81767,80.10,12300,6225,0.550426,,0.100304,False,False,
7447192344,выжил,,,9.81767,46.90,12300,21105,-10.7076,,-0.845327,True,False,коэффициент_автономии;ча_отрицательные_2года
7447193228,выжил,,,9.81767,46.34,10000,,0.898574,,,False,,
7447249304,выжил,,,9.81767,68.20,12300,3406,-0.0243783,,0,True,False,коэффициент_автономии;ча_отрицательные_2года
7447271081,выжил,,,9.81767,,12165,86301,-0.0195237,0.76707,-3.63311,True,False,коэффициент_автономии;текущая_ликвидность;ча_отрицательные_2года
7447290260,выжил,,,9.81767,,12300,34032,0.185178,1.24596,-0.512668,False,False,
7447291659,выжил,,,9.81767,72.19,12300,2150,0.384478,,-13.3333,False,False,
7447295396,выжил,,,9.81767,46.44.2,12300,1086,-3.32,,,True,True,коэффициент_автономии;убыток_2года;ча_отрицательные_2года
7448049266,выжил,,,9.81767,49.4,12165,52,1,,0.996565,False,False,падение_выручки
7448144449,выжил,,,9.81767,,12300,408,0.355634,,0.48808,False,False,
7448147390,выжил,,,9.81767,52.29,12300,758,0.0627178,1.06691,-9.82857,False,False,коэффициент_автономии
7448182130,выжил,,,9.81767,77.32,10000,1274,1,,0.66403,False,False,падение_выручки
7448185999,выжил,,,9.81767,46.90,12300,,-0.0702028,,,False,False,коэффициент_автономии
7448217471,выжил,,,9.81767,38.11,12300,1360,0.899471,,-0.534989,False,False,
7449060576,выжил,,,9.81767,41.20,12300,26045,0.303073,,0.157665,False,False,
7451085225,выжил,,,9.81767,68.20.2,12300,0,-3.92845,,,True,True,коэффициент_автономии;убыток_2года;ча_отрицательные_2года
7451259640,выжил,,,9.81767,31.0,12300,15241,0.130357,1.13214,-0.0414787,False,False,
7451328693,выжил,,,9.81767,46.35,12300,2540,1,,,False,False,
7451349118,выжил,,,9.81767,69.10,12300,41192,0.718318,,-0.108563,False,False,
7451357310,выжил,,,9.81767,,12300,3985,-1.00191,,-1.55941,True,False,коэффициент_автономии;ча_отрицательные_2года
7451367420,выжил,,,9.81767,63.11.1,12300,22179,0.654425,2.89373,-0.0844946,False,False,
7451396100,выжил,,,9.81767,52.29,12300,49842,0.567977,1.99832,0.428987,False,False,
7451428218,выжил,,,9.81767,11.05,12300,,-0.57372,,,True,True,коэффициент_автономии;убыток_2года;ча_отрицательные_2года
7451434564,выжил,,,9.81767,63.11.1,12300,2432,0.967634,,-0.43143,False,False,
7451451376,выжил,,,9.81767,46.74,12300,106387,0.0573105,1.0323,-0.819265,False,False,коэффициент_автономии
7452030557,выжил,,,9.81767,47.25.11,12300,1050,-3.13492,0.148512,-0.0574018,True,True,коэффициент_автономии;текущая_ликвидность;убыток_2года;ча_отрицательные_2года
7452113193,выжил,,,9.81767,49.31,12300,,1,,,False,,
7452137067,выжил,,,9.81767,46.90,12300,57393,0.802113,5.0534,0.068885,False,False,
7452141313,выжил,,,9.81767,43.21,12300,,1,,,False,True,убыток_2года
7453041689,выжил,,,9.81767,94.99,20200,1058,,375.419,-2.55034,,False,
7453102927,выжил,,,9.81767,68.20.2,12165,564,0.658575,,-0.205128,False,True,убыток_2года
7453194710,выжил,,,9.81767,68.20.2,12165,30863,0.761905,,0.0399415,False,False,
7453200307,выжил,,,9.81767,71.1,12300,0,-1.64943,,,True,True,коэффициент_автономии;убыток_2года;ча_отрицательные_2года
7453205513,выжил,,,9.81767,82.99,12300,12659,0.407995,2.93742,-0.578429,False,False,
7453303292,выжил,,,9.81767,49.42,12300,7693,-1.47372,0.435923,0.111663,True,False,коэффициент_автономии;текущая_ликвидность;ча_отрицательные_2года
7453338859,выжил,,,9.81767,,12300,39123,0.215895,,,,False,
7453343626,выжил,,,9.81767,10.51.2,12300,,1,,,False,,
7453344228,выжил,,,9.81767,85.41,12300,,1,,,,,
7455032841,выжил,,,9.81767,,12300,378,0.175468,1.21281,0.678298,False,False,падение_выручки
7455040031,выжил,,,9.81767,47.11,12300,,-0.0794045,,,,False,коэффициент_автономии
7456042987,выжил,,,9.81767,41.20,12300,0,0.298578,,1,False,True,падение_выручки;убыток_2года
7456043846,выжил,,,9.81767,69.10,12300,413,0.746269,,,,False,
7456048330,выжил,,,9.81767,,20700,0,,,,,False,
7457009157,выжил,,,9.81767,43.39,12300,4006,0.356797,1.36371,-2.57679,False,False,
7459007839,выжил,,,9.81767,46.47.1,12300,204,-22.3913,,,True,True,коэффициент_автономии;убыток_2года;ча_отрицательные_2года
7460023183,выжил,,,9.81767,45.1,12300,22697,0.112183,,-1.50629,False,False,
7460043888,выжил,,,9.81767,46.34.23,12300,47031,0.904124,,0.668034,False,False,падение_выручки
7460044627,выжил,,,9.81767,68.32.1,20700,658,,,0.0351906,,False,
7460046889,выжил,,,9.81767,46.72,12300,62408,0.109603,,-0.859927,False,False,
7460051092,выжил,,,9.81767,68.20,12300,10000,-0.678923,0.59562,,False,False,коэффициент_автономии;текущая_ликвидность
7460053205,выжил,,,9.81767,49.50,12300,8,0.777778,,,,False,
7508000035,выжил,,,9.81767,01.41,12300,0,0.883452,15.7228,1,False,False,падение_выручки
7515008300,выжил,,,9.81767,10.13.4,12300,,,,,,,
7534001638,выжил,,,9.81767,10.51,12267,435362,0.822377,3.21382,0.0632662,False,False,
7536136013,выжил,,,9.81767,01.50,12300,0,-0.0164596,,1,False,False,коэффициент_автономии;падение_выручки
7536168939,выжил,,,9.81767,71.20.4,12300,1235,0.940594,16.8333,-0.373749,False,,
7536179930,выжил,,,9.81767,43.22,12300,45696,-1.19398,,-1.33739,True,False,коэффициент_автономии;ча_отрицательные_2года
7536181087,выжил,,,9.81767,94.99,20200,,,,,,,
7536986571,выжил,,,9.81767,68.31.5,71400,10166,0.88481,,0.281352,,False,
7602033278,выжил,,,9.81767,,12300,11931,0.660211,1.16985,-0.0147134,False,False,
7602050435,выжил,,,9.81767,43.99,12300,867,0.0664975,0.0710843,0.818391,False,False,коэффициент_автономии;падение_выручки;текущая_ликвидность
7602061010,выжил,,,9.81767,16.21.1,12300,2.03168e+06,0.757338,3.35784,-0.687188,False,False,
7602082451,выжил,,,9.81767,,12300,842,1,,-0.594697,False,False,
7602108692,выжил,,,9.81767,52.22.16,12300,1.47866e+06,0.0715009,1.07954,-0.812269,False,False,коэффициент_автономии
7602112850,выжил,,,9.81767,46.90,12165,22170,0.22163,,-2.46786,False,False,
7602134614,выжил,,,9.81767,46.90,12300,7350,0.988881,,0.470041,False,False,
7603041835,выжил,,,9.81767,71.1,12300,5942,0.0729167,1.07865,-1.27228,False,False,коэффициент_автономии
7603051706,выжил,,,9.81767,46.49,12300,367,0.649351,2.85185,0.420221,False,False,
7603066822,выжил,,,9.81767,35.30.2,12267,1.06386e+06,0.865331,2.35313,-0.142056,False,False,
7603074012,выжил,,,9.81767,,12300,9707,0.425679,,-0.504029,False,False,
7604074696,выжил,,,9.81767,52.21.24,20101,,,,,False,,
7604083820,выжил,,,9.81767,46.76,12165,104147,0.465772,,-0.217382,False,False,
7604086941,выжил,,,9.81767,,12300,35735,0.136015,0.319928,-0.0938504,False,False,текущая_ликвидность
7604111161,выжил,,,9.81767,46.41.1,12300,,1,,,False,False,
7604157945,выжил,,,9.81767,41.2,12300,12515,0.139733,,-9.85429,False,False,
7604210130,выжил,,,9.81767,68.10.1,12300,6708,0.173741,4.12529,0.127471,False,False,
7604354245,выжил,,,9.81767,46.34.23,12300,40282,0.162845,,-0.124316,False,False,
7604361852,выжил,,,9.81767,45.31,12300,129,0.0380435,,0.484,False,True,коэффициент_автономии;убыток_2года
7604370286,выжил,,,9.81767,68.20,12300,12294,0.0236946,,,False,False,коэффициент_автономии
7604373054,выжил,,,9.81767,,12300,162,1,,,False,False,
7604377299,выжил,,,9.81767,43.99,12300,2214,0.0925222,,,,False,коэффициент_автономии
7606111760,выжил,,,9.81767,51.65,12300,35213,0.000321574,,-0.76109,False,False,коэффициент_автономии
7606118878,выжил,,,9.81767,52.24,12300,0,0.339856,1.51482,1,False,False,падение_выручки
7609021377,выжил,,,9.81767,41.20,12300,614468,0.0355318,,-0.64708,False,False,коэффициент_автономии
7610055807,выжил,,,9.81767,47.52.7,12300,112522,0.93264,,0.21576,False,False,
7610068919,выжил,,,9.81767,68.20.2,12300,92,-0.688889,,0.449102,True,True,коэффициент_автономии;убыток_2года;ча_отрицательные_2года
7610108791,выжил,,,9.81767,38.32.5,12300,,1,,,False,,
7610129706,выжил,,,9.81767,,12300,0,0.0964912,,1,False,False,коэффициент_автономии;падение_выручки
7611019544,выжил,,,9.81767,45.31.1,12300,1911,-0.0862692,0.899653,-1.49153,True,False,коэффициент_автономии;текущая_ликвидность;ча_отрицательные_2года
7612000747,выжил,,,9.81767,95.21,12300,0,1,,1,False,False,падение_выручки
7612036359,выжил,,,9.81767,,12300,2926,0.236515,,-0.773333,False,False,
7619003377,выжил,,,9.81767,47.11.2,12300,5536,0.792453,4.81818,-0.0674894,False,False,
7627002899,выжил,,,9.81767,68.32.2,20702,,,,,False,,
7701022125,выжил,,,9.81767,72.19,12300,1.54494e+06,0.438242,1.71345,-0.371232,False,False,
7701033744,выжил,,,9.81767,94.20,20202,,0,1,,False,,коэффициент_автономии
7701222364,выжил,,,9.81767,96.02,12300,25,-0.160812,,0.75,False,False,коэффициент_автономии;падение_выручки
7701351987,выжил,,,9.81767,,12300,250977,0.184454,1.99497,-0.129896,False,True,убыток_2года
7701363397,выжил,,,9.81767,71.11,12300,440,0.0120664,,0.657054,False,False,коэффициент_автономии;падение_выручки
7701366581,выжил,,,9.81767,68.20.2,12300,,1,,,False,,
7701371278,выжил,,,9.81767,77.11,12165,489,0.981669,,0.809059,False,False,падение_выручки
7701374198,выжил,,,9.81767,68.20.2,12165,0,-503.348,0.00198276,,True,True,коэффициент_автономии;текущая_ликвидность;убыток_2года;ча_отрицательные_2года
7701377424,выжил,,,9.81767,71.11.1,12300,906984,0.0390878,1.01727,-0.0786373,False,False,коэффициент_автономии
7701710668,выжил,,,9.81767,55.10,12267,10042,0.674326,,-0.0494305,False,False,
7701792639,выжил,,,9.81767,72.19,12300,,0.833333,6,,False,True,убыток_2года
7701802284,банкрот,2022,Tender,1,62.02,12300,40071,0.00150039,0.984039,0.843718,False,False,коэффициент_автономии;падение_выручки;текущая_ликвидность
7701810493,выжил,,,9.81767,73.11,12300,1.2003e+06,0.00297994,1.00071,-0.423409,False,False,коэффициент_автономии
7701979429,выжил,,,9.81767,,12300,3983,0.783055,,-3.10619,False,False,
7702379008,банкрот,2023,Tender,1,46.43,12165,308051,-0.0839087,0.94303,0.179736,True,False,коэффициент_автономии;текущая_ликвидность;ча_отрицательные_2года
7702396525,выжил,,,9.81767,71.12.1,12300,,-0.252202,1.93234,,True,True,коэффициент_автономии;убыток_2года;ча_отрицательные_2года
7702574351,выжил,,,9.81767,,12300,2261,0.918719,6.81034,0.238464,False,False,
7702646366,выжил,,,9.81767,43.12,12300,9870,0.179852,,0.111451,False,False,
7702806500,выжил,,,9.81767,62.01,12300,820,0.028671,0.550881,0.506321,False,False,коэффициент_автономии;падение_выручки;текущая_ликвидность
7703076990,выжил,,,9.81767,,12300,2.04198e+06,0.276337,1.38186,-11.4371,False,False,
7703271776,выжил,,,9.81767,68.20,12165,,0.999912,,,False,True,убыток_2года
7703375334,выжил,,,9.81767,,12300,830,0.315246,,-0.269113,False,False,
7703406896,выжил,,,9.81767,94.99,20600,17462,,8.03804,-0.808597,,False,
7703474303,выжил,,,9.81767,86.90,12300,70104,0.703968,,-32.6715,False,False,
7703516190,выжил,,,9.81767,82.30,70400,77207,,1.27052,-0.950509,,False,
7703518744,выжил,,,9.81767,45.20,12300,348,-0.570175,,0.635602,False,False,коэффициент_автономии;падение_выручки
7703608821,выжил,,,9.81767,,12300,190287,0.798019,4.7453,0.658973,False,False,падение_выручки
7703662956,выжил,,,9.81767,70.22,12300,,0.252251,2.77346,,False,True,убыток_2года
7703744905,выжил,,,9.81767,66.19,12300,311465,0.962062,26.3629,0.160612,False,False,
7703766095,выжил,,,9.81767,46.4,12300,,0.665517,,,False,,
7703814831,выжил,,,9.81767,46.43,12165,0,0.921602,,1,False,True,падение_выручки;убыток_2года
7704149183,выжил,,,9.81767,88.10,70400,8641,,10181.8,0.672392,,False,падение_выручки
7704309550,выжил,,,9.81767,,12300,3700,0.0278221,,-11.3333,False,False,коэффициент_автономии
7704383987,выжил,,,9.81767,46.51.1,12300,18396,0.518182,,-0.0512,False,False,
7704400618,выжил,,,9.81767,,12247,212897,0.898256,23.3052,-1.50948,False,False,
7704461392,выжил,,,9.81767,46.69,12300,16509,0.266612,1.4994,0.312898,False,False,
7704473574,выжил,,,9.81767,23.64,12300,10238,0.0441144,,-8.36688,False,False,коэффициент_автономии
7704514630,выжил,,,9.81767,68.1,12300,,-0.0949989,,,True,True,коэффициент_автономии;убыток_2года;ча_отрицательные_2года
7704741696,выжил,,,9.81767,46.4,12300,1.94512e+06,0.269925,1.33992,-0.811974,False,False,
7704804089,выжил,,,9.81767,14.12,12300,5791,-14.3436,,-0.315538,True,False,коэффициент_автономии;ча_отрицательные_2года
7704808894,выжил,,,9.81767,46.90,12300,4000,0.984507,64.5455,0.270073,False,False,
7704816366,выжил,,,9.81767,46.49.2,12300,805,0.164002,,0.462258,False,False,
7704851473,банкрот,2022,ProceedingsStopped,1,68.20,12165,0,0.872976,,,False,True,убыток_2года
7705246670,выжил,,,9.81767,68.20.2,12300,1409,0.144046,,0.227098,False,True,убыток_2года
7705570940,выжил,,,9.81767,68.20.2,12165,4200,0.940655,,-0.142857,False,False,
7705731517,выжил,,,9.81767,80.10,12300,,0.0849057,1.11189,,False,True,коэффициент_автономии;убыток_2года
7705789926,выжил,,,9.81767,86.23,12300,62029,0.904151,,0,False,False,
7705858834,выжил,,,9.81767,62.01,12300,108194,0.995959,,-3.35248,False,False,
7705893973,выжил,,,9.81767,46.45,12300,0,-7.04762,,1,True,True,коэффициент_автономии;падение_выручки;убыток_2года;ча_отрицательные_2года
7705922751,банкрот,2024,Tender,1,71.1,12300,,1,,,False,,
7706442701,выжил,,,9.81767,,12300,0,,,1,False,True,падение_выручки;убыток_2года
7706443007,выжил,,,9.81767,62.01,12300,,-9.73666,,,True,True,коэффициент_автономии;убыток_2года;ча_отрицательные_2года
7706461165,банкрот,2023,Tender,1,41.20,12300,19341,0.0480584,,0.791037,False,False,коэффициент_автономии;падение_выручки
7706577191,выжил,,,9.81767,46.15,12300,,0.367807,,,False,,
7706681611,банкрот,2024,Tender,1,41.2,12300,4577,0.0323503,,0.852905,False,False,коэффициент_автономии;падение_выручки
7706689201,банкрот,2023,ProceedingsStopped,1,41.20,12300,99823,-0.178836,0.738605,-0.848848,True,True,коэффициент_автономии;текущая_ликвидность;убыток_2года;ча_отрицательные_2года
7706757324,выжил,,,9.81767,,12300,,-7,,,True,False,коэффициент_автономии;ча_отрицательные_2года
7706764586,выжил,,,9.81767,68.10,12300,,-115.567,0.152484,,True,False,коэффициент_автономии;текущая_ликвидность;ча_отрицательные_2года
7706789326,выжил,,,9.81767,93.2,12300,,1,,,False,False,
7706814491,выжил,,,9.81767,72.19,12165,17186,0.688273,2.07632,-0.0963955,False,False,
7707330060,выжил,,,9.81767,,20615,,,15.4722,,,,
7707347183,выжил,,,9.81767,47.77.2,12300,4511,-0.0722274,,-0.0789285,True,True,коэффициент_автономии;убыток_2года;ча_отрицательные_2года
7707354046,выжил,,,9.81767,41.20,12300,1351,0.979391,,-0.385641,False,False,
7707358322,выжил,,,9.81767,62.01,12300,,0.259166,,,False,True,убыток_2года
7707419783,выжил,,,9.81767,,12300,92442,0.931346,14.76,-216.511,False,False,
7707440136,банкрот,2023,ProceedingsStopped,1,96.09,12300,386815,0.033565,1.03473,-4.42837,False,False,коэффициент_автономии
7707448488,банкрот,2024,ProceedingsFinished,1,46.73,12300,18451,0.0149144,,,,False,коэффициент_автономии
7707449731,банкрот,2023,Tender,1,,12300,105741,0.0221166,,,,False,коэффициент_автономии
7707491677,выжил,,,9.81767,72.20,28001,32342,,4.30482,-0.442358,,False,
7707517269,выжил,,,9.81767,71.12.1,12300,56263,0.255945,,0.100267,False,False,
7707585646,выжил,,,9.81767,43.12,12300,,-0.298365,,,True,,коэффициент_автономии;ча_отрицательные_2года
7707765180,выжил,,,9.81767,,12300,15605,0.96568,,-0.0808284,False,False,
7708025069,выжил,,,9.81767,68.20,12300,5017,0.966949,,0.0539317,False,False,
7708114343,выжил,,,9.81767,69.20.2,12300,9062,0.560748,,-0.0869617,False,False,
7708169159,выжил,,,9.81767,,12300,29945,-0.00436168,,0.0646864,True,False,коэффициент_автономии;ча_отрицательные_2года
7708208810,выжил,,,9.81767,71.12.12,12165,6929,0.248321,1.33036,0.517613,False,False,падение_выручки
7708227717,выжил,,,9.81767,,12300,,0.991441,,,False,True,убыток_2года
7708274900,выжил,,,9.81767,43.21,12300,65389,0.00537136,,,False,False,коэффициент_автономии
7708334451,выжил,,,9.81767,94.20,20202,0,,,,,False,
7708335247,выжил,,,9.81767,,12300,4514,0.834312,,-1.43605,False,False,
7708351471,выжил,,,9.81767,46.13,12300,23549,0.395729,,-3.88974,False,False,
7708365629,выжил,,,9.81767,31.01,12300,615,-1.83724,,0.773814,True,False,коэффициент_автономии;падение_выручки;ча_отрицательные_2года
7708768096,выжил,,,9.81767,,12300,,-0.064452,3.33976,,True,True,коэффициент_автономии;убыток_2года;ча_отрицательные_2года
7708783457,выжил,,,9.81767,,12300,617372,0.180812,0.986008,0.685474,False,False,падение_выручки;текущая_ликвидность
7709021282,выжил,,,9.81767,56.10,12300,1131,-0.365115,0.812435,-0.306005,True,True,коэффициент_автономии;текущая_ликвидность;убыток_2года;ча_отрицательные_2года
7709496624,выжил,,,9.81767,69.10,12300,1215,0.910448,,-0.20178,False,False,
7709595488,выжил,,,9.81767,46.65,12300,,0.0247497,0.372879,,False,,коэффициент_автономии;текущая_ликвидность
7709634465,выжил,,,9.81767,74.30,12300,4483,-0.234004,,0.00377778,True,False,коэффициент_автономии;ча_отрицательные_2года
7709733836,выжил,,,9.81767,71.12.2,12267,162032,0.976104,1.80521,-0.0679743,False,True,убыток_2года
7709911197,выжил,,,9.81767,73.11,12300,869,0.716628,,0.650161,False,False,падение_выручки
7709928384,выжил,,,9.81767,68.20,12300,2747,0.511957,,0.538552,False,False,падение_выручки
7709939971,выжил,,,9.81767,86.23,12300,109235,0.107549,,-0.0665814,False,False,
7710297126,выжил,,,9.81767,,12300,10960,0.974187,,,False,False,
7710476661,выжил,,,9.81767,94.99,20200,,,49.6471,,,,
7710660815,выжил,,,9.81767,,12300,502799,0.00273939,,0.0352847,False,False,коэффициент_автономии
7711035596,выжил,,,9.81767,68.10.11,12300,115,-1.42105,0.413043,-0.277778,True,False,коэффициент_автономии;текущая_ликвидность;ча_отрицательные_2года
7711068721,выжил,,,9.81767,80.10,12300,21252,0.69014,,0.0417963,False,False,
7711092562,выжил,,,9.81767,94.99,20600,14365,,,-2.13989,,False,
7712087237,выжил,,,9.81767,85.41,75500,24889,0.454707,1.03493,-0.00785584,False,False,
7712106881,выжил,,,9.81767,68.20.2,12300,271343,0.966163,4.71494,-0.260442,False,False,
7713245091,выжил,,,9.81767,72.19,71400,3562,0.412621,1.70248,0.167563,False,False,
7713314500,выжил,,,9.81767,95.11,12165,812,0.141593,,-0.0684211,False,False,
7713417914,выжил,,,9.81767,46.42,12300,1.1159e+06,0.130448,1.30534,-0.20071,False,False,
7713442879,выжил,,,9.81767,32.50,12300,10571,0.726387,,-0.18509,False,False,
7713467760,выжил,,,9.81767,46.73.3,12300,4442,0.116114,,-1.21546,False,False,
7713478811,выжил,,,9.81767,,12300,1771,0.0204809,1.02091,,False,False,коэффициент_автономии
7713479396,выжил,,,9.81767,56.10,12300,18903,0.658097,,,,False,
7713624357,выжил,,,9.81767,25.12,12300,7170,0.778169,,0.631798,False,False,падение_выручки
7713645607,выжил,,,9.81767,41.2,12300,0,1,,1,False,True,падение_выручки;убыток_2года
7713711151,выжил,,,9.81767,47.41.4,12300,2788,0.0110887,,0.382229,False,False,коэффициент_автономии
7714013696,выжил,,,9.81767,68.20.2,12300,1080,0.114238,,-0.102041,False,False,
7714046959,выжил,,,9.81767,46.90,12267,462493,0.0623933,4.06934,0.816082,False,True,коэффициент_автономии;падение_выручки;убыток_2года
7714193470,выжил,,,9.81767,94.99,20200,,,30.4989,,,,
7714274641,выжил,,,9.81767,46.46,12300,31952,0.516047,,-0.214536,False,False,
7714326963,выжил,,,9.81767,88.10,12300,26988,-0.109365,1.7167,-0.588838,True,False,коэффициент_автономии;ча_отрицательные_2года
7714339507,выжил,,,9.81767,94.99,20200,250,,64.8889,,,False,
7714350204,выжил,,,9.81767,47.91.2,12300,67084,0.387269,1.63204,-1.09252,False,False,
7714366437,выжил,,,9.81767,47.59,12300,124774,-0.494668,,-0.177369,True,True,коэффициент_автономии;убыток_2года;ча_отрицательные_2года
7714429408,выжил,,,9.81767,47.25.11,12300,109629,0.286759,,-0.54062,False,False,
7714439854,выжил,,,9.81767,09.10,12300,323284,0.547906,1.86223,-1.34568,False,False,
7714454651,выжил,,,9.81767,47.78,12300,141866,0.000356621,,-0.350192,False,False,коэффициент_автономии
7714465886,банкрот,2023,ProceedingsFinished,1,90.02,12300,83,0.396752,,,,False,
7714468742,банкрот,2024,Tender,1,62.01,12300,4220,-0.12508,0.823547,,False,False,коэффициент_автономии;текущая_ликвидность
7714469538,выжил,,,9.81767,63.11.1,12300,41,0.00135666,11.0485,,False,False,коэффициент_автономии
7714627777,выжил,,,9.81767,45.3,12300,,-2.35714,,,True,,коэффициент_автономии;ча_отрицательные_2года
7714662027,выжил,,,9.81767,95.22.1,12300,5104,0.761828,,-0.67564,False,False,
7714784339,выжил,,,9.81767,84.25,12300,4600,-0.288642,,0.031375,False,True,коэффициент_автономии;убыток_2года
7714811092,выжил,,,9.81767,71.20,12300,57660,0.497885,1.9746,-1.60163,False,False,
7714823235,банкрот,2022,Tender,1,41.20,12300,1.54088e+06,-0.130571,0.883358,-0.161494,False,False,коэффициент_автономии;текущая_ликвидность
7714842943,выжил,,,9.81767,46.65,12300,2553,0.402711,,0.313894,False,False,
7714845260,выжил,,,9.81767,,12300,,1,,,False,False,
7714934930,выжил,,,9.81767,47.75,12300,55873,0.430306,,-0.300612,False,False,
7714940500,выжил,,,9.81767,56.10,12165,,1,,,False,False,
7714962158,выжил,,,9.81767,,12300,18097,0.941047,,-0.474297,False,False,
7714966515,выжил,,,9.81767,70.22,12300,,0.333333,,,False,,
7715040854,выжил,,,9.81767,68.32.1,20102,,,,,,,
7715212052,выжил,,,9.81767,55.10,12300,80150,-0.510589,,-0.601655,True,False,коэффициент_автономии;ча_отрицательные_2года
7715386309,выжил,,,9.81767,68.20,12300,,-1.5,,,True,,коэффициент_автономии;ча_отрицательные_2года
7715585047,выжил,,,9.81767,68.20.2,12300,3584,0.773853,,0.679943,False,False,падение_выручки
7715756616,выжил,,,9.81767,,19000,3153,0.306863,1.44272,-0.634526,False,False,
7715865887,выжил,,,9.81767,46.6,12300,,,,,False,,
7715873221,выжил,,,9.81767,,12300,13332,0.710429,,0.0265771,False,False,
7715919420,выжил,,,9.81767,42.21,12300,97635,-0.025972,,-10.2716,True,False,коэффициент_автономии;ча_отрицательные_2года
7716525354,выжил,,,9.81767,,12300,1573,0.974614,20.1413,0.0162602,False,False,
7716559138,выжил,,,9.81767,,12300,4680,-1.75395,,-0.131802,True,False,коэффициент_автономии;ча_отрицательные_2года
7716676699,выжил,,,9.81767,68.20,12300,24310,0.154515,89.4268,0.175765,False,False,
7716767297,выжил,,,9.81767,46.49.42,12165,450429,0.342675,3.73176,-0.890033,False,False,
7716882130,выжил,,,9.81767,46.90,12300,1903,0.624113,,0.169358,False,False,
7716915474,выжил,,,9.81767,62.09,12300,0,1,,,False,False,
7716933603,выжил,,,9.81767,46.45,12300,42728,-0.169536,2.47877,-0.725617,True,True,коэффициент_автономии;убыток_2года;ча_отрицательные_2года
7716939806,выжил,,,9.81767,46.13,12300,7566,0.833333,6,0.0690292,False,False,
7716947370,выжил,,,9.81767,43.29,12300,,-0.465347,,,False,True,коэффициент_автономии;убыток_2года
7716953134,выжил,,,9.81767,,12300,5194,0.888889,,,,False,
7717150066,выжил,,,9.81767,69.10,20616,401,,1.04501,0.433616,,False,
7717612426,банкрот,2023,ProceedingsStopped,1,73.11,12300,10732,0.250114,1.38844,-0.199776,False,False,
7717737175,банкрот,2024,Tender,1,41.2,12300,114456,0.0175461,1.01786,-8.49685,False,False,коэффициент_автономии
7717742922,выжил,,,9.81767,,12300,320,0.581395,2.38889,0.623529,False,False,падение_выручки
7717757862,выжил,,,9.81767,71.11,12000,8494,-7.43928,,0.0715925,True,False,коэффициент_автономии;ча_отрицательные_2года
7717785926,выжил,,,9.81767,43.22,12300,79990,0.00511748,,-0.244651,False,False,коэффициент_автономии
7717799051,выжил,,,9.81767,46.73,12165,41889,0.783801,,-0.147581,False,False,
7718005784,выжил,,,9.81767,,12300,300,-6.75342,,-0.0676157,True,False,коэффициент_автономии;ча_отрицательные_2года
7718575022,выжил,,,9.81767,73.20.1,12165,3670,0.702848,3.36528,0.129507,False,False,
7718582340,выжил,,,9.81767,,12300,11650,-0.25614,,0.0134643,True,False,коэффициент_автономии;ча_отрицательные_2года
7718637208,выжил,,,9.81767,35.11.1,12300,20759,0.646059,,-0.0017372,False,False,
7718658550,выжил,,,9.81767,62.01,12300,,-1.47059,,,True,,коэффициент_автономии;ча_отрицательные_2года
7718674672,выжил,,,9.81767,68.32,12300,,-0.0945459,0.0617418,,True,False,коэффициент_автономии;текущая_ликвидность;ча_отрицательные_2года
7718686646,выжил,,,9.81767,85.11,12300,,-0.478873,0.660952,,True,False,коэффициент_автономии;текущая_ликвидность;ча_отрицательные_2года
7718686974,выжил,,,9.81767,,12300,,0.667107,,,False,False,
7718719362,выжил,,,9.81767,14.12,12300,,-0.183475,,,True,,коэффициент_автономии;ча_отрицательные_2года
7718736706,выжил,,,9.81767,,12300,109093,0.731269,3.72119,-0.893746,False,False,
7718758386,выжил,,,9.81767,,12300,28388,0.0699643,,0.139523,False,False,коэффициент_автономии
7718845504,выжил,,,9.81767,80.10,12300,5964,-0.635088,,0.0615264,True,True,коэффициент_автономии;убыток_2года;ча_отрицательные_2года
7718910810,выжил,,,9.81767,18.1,12300,5194,0.891753,,-0.71024,False,False,
7718926217,банкрот,2023,Tender,1,41.20,12300,218862,0.0769381,1.06363,-0.977681,False,False,коэффициент_автономии
7718928239,выжил,,,9.81767,46.69,12300,,,,,False,True,убыток_2года
7718981715,выжил,,,9.81767,59.11,12300,,1,,,False,,
7719048734,выжил,,,9.81767,52.21.24,20101,,0,1,,False,,коэффициент_автономии
7719171135,банкрот,2023,Tender,1,47.78.9,12300,119350,0.138832,,-0.0294118,False,False,
7719235318,выжил,,,9.81767,38.32.2,12300,1379,0.742424,,-0.282791,False,False,
7719425252,выжил,,,9.81767,,12300,490992,0.389919,2.33618,0.0423387,False,False,
7719485237,выжил,,,9.81767,46.13.2,12300,9344,0.00124063,,-0.596992,False,,коэффициент_автономии
7719666272,выжил,,,9.81767,46.13,12165,,0.165433,1.19823,,False,,
7719733200,выжил,,,9.81767,49.4,12300,83375,0.5736,,-0.262837,False,False,
7719745799,выжил,,,9.81767,77.39,12300,905,0.694818,,-0.565744,False,False,
7719806498,выжил,,,9.81767,64.9,12300,10,0.000485772,0,,False,False,коэффициент_автономии;текущая_ликвидность
7719844831,выжил,,,9.81767,73.20.1,12300,11313,0.558706,2.02142,-0.157932,False,False,
7719891655,выжил,,,9.81767,45.11.2,12300,3.95079e+06,0.272687,3.29857,-0.291398,False,False,
7720265606,выжил,,,9.81767,41.20,12165,220,0.752174,,0.422572,False,False,
7720269375,банкрот,2024,Tender,1,41.20,12300,2.98066e+06,0.0314133,1.00363,-0.684699,False,False,коэффициент_автономии
7720304830,выжил,,,9.81767,46.45.1,12300,0,0.970264,33.629,1,False,False,падение_выручки
7720360264,выжил,,,9.81767,46.73,12300,81620,0.0417136,,0.110341,False,False,коэффициент_автономии
7720376546,выжил,,,9.81767,68.32.2,12300,,,,,,,
7720403581,выжил,,,9.81767,41.20,12300,57095,0.11784,,-1.06716,False,False,
7720449723,выжил,,,9.81767,46.72,12300,22298,-0.0879286,,-0.272717,True,False,коэффициент_автономии;ча_отрицательные_2года
7720482329,выжил,,,9.81767,46.72,12300,193866,0.257564,1.37181,-0.903932,False,False,
7720489028,выжил,,,9.81767,96.01,12300,13867,0.991679,,0.550925,False,False,падение_выручки
7720489349,выжил,,,9.81767,47.91,12300,,-667,,,True,True,коэффициент_автономии;убыток_2года;ча_отрицательные_2года
7720490136,выжил,,,9.81767,94.99,20200,,,,,,,
7720636924,выжил,,,9.81767,,12300,3802,0.99466,,-1.27938,False,False,
7720642325,выжил,,,9.81767,70.22,12300,6875,1,,-1.18949,False,False,
7720649151,выжил,,,9.81767,52.10,12300,,1,,,,,
7720706674,выжил,,,9.81767,77.39,12300,,1,,,False,,
7720738034,выжил,,,9.81767,66.2,12300,433,-0.588797,,-0.0717822,True,False,коэффициент_автономии;ча_отрицательные_2года
7720817039,выжил,,,9.81767,47.54,12300,21877,0.430894,,-0.648979,False,False,
7720846199,выжил,,,9.81767,49.42,12300,354,0.893382,,,,False,
7720850357,выжил,,,9.81767,26.20,12300,60165,0.00446091,0.951426,,False,False,коэффициент_автономии;текущая_ликвидность
7720858155,выжил,,,9.81767,94.99,20100,,,,,,,
7721382408,выжил,,,9.81767,68.31,12300,108,0.935484,,0.329193,False,False,
7721619054,выжил,,,9.81767,43.3,12300,21596,0.767045,4.29268,,False,False,
7721655990,выжил,,,9.81767,46.69,12165,26983,0.105459,,0.561181,False,False,падение_выручки
7721663053,выжил,,,9.81767,46.43,12300,38,0.934541,,0.938808,False,False,падение_выручки
7721720167,выжил,,,9.81767,46.90,12300,9972,0.720408,3.57664,-1.63252,False,False,
7721758202,выжил,,,9.81767,69,12300,2473,0.798107,,0.141617,False,False,
7721762400,банкрот,2023,ProceedingsStopped,1,46.73.4,12300,10055,0.685755,3.18223,-0.124469,False,False,
7721781113,выжил,,,9.81767,,12300,195985,0.130196,1.13638,-0.359902,False,False,
7721821623,выжил,,,9.81767,41.20,12300,13307,0.0803695,1.08485,-26.3807,False,True,коэффициент_автономии;убыток_2года
7721822948,выжил,,,9.81767,90.01,12300,17845,0.760002,,-0.62968,False,False,
7721832992,выжил,,,9.81767,,12300,0,0.995183,207.6,1,False,False,падение_выручки
7722002641,выжил,,,9.81767,84.22,12300,290,0.385502,,-3.14286,False,False,
7722310759,выжил,,,9.81767,94.12,20600,,,1,,,,
7722390810,выжил,,,9.81767,,12300,73068,0.5106,3.18506,-0.715292,False,False,
7722406108,выжил,,,9.81767,46.69,12300,227185,0.180331,,-1.26698,False,False,
7722459325,выжил,,,9.81767,43.29,12300,160169,0.0435215,,-0.5687,False,False,коэффициент_автономии
7722465008,выжил,,,9.81767,16.21.1,12300,0,-1.58455,,1,True,True,коэффициент_автономии;падение_выручки;убыток_2года;ча_отрицательные_2года
7722467887,выжил,,,9.81767,,12300,473,-0.000774566,0.469235,,True,False,коэффициент_автономии;текущая_ликвидность;ча_отрицательные_2года
7722479120,выжил,,,9.81767,45.11,12300,28113,0.0667147,,0.544027,False,False,коэффициент_автономии;падение_выручки
7722481183,выжил,,,9.81767,71.20.1,12300,68559,0.745125,,-1.71941,False,False,
7722489601,выжил,,,9.81767,46.90,12300,245126,0.0933407,0.927395,,False,False,коэффициент_автономии;текущая_ликвидность
7722569825,выжил,,,9.81767,46.46.1,12300,24310,0.514009,7.77529,-0.101945,False,False,
7722716702,выжил,,,9.81767,71.2,12300,2125,0.188345,,-1.74903,False,False,
7722729229,выжил,,,9.81767,46.69,12300,3336,0.325896,1.48324,0.598411,False,False,падение_выручки
7722757191,выжил,,,9.81767,46.9,12300,,-0.338567,0.747068,,True,,коэффициент_автономии;текущая_ликвидность;ча_отрицательные_2года
7722799530,банкрот,2023,ProceedingsStopped,1,41.20,12300,84202,0.0597705,0.858166,-1.29377,False,False,коэффициент_автономии;текущая_ликвидность
7722854614,выжил,,,9.81767,47.91.2,12165,397,-20.9114,,0.260708,True,True,коэффициент_автономии;убыток_2года;ча_отрицательные_2года
7723187018,выжил,,,9.81767,25.50,12300,385646,0.48137,1.50543,-0.0598077,False,True,убыток_2года
7723210637,выжил,,,9.81767,93.29.9,71400,0,,,1,,True,падение_выручки;убыток_2года
7723396501,выжил,,,9.81767,09.10.2,12300,136257,0.406742,,-0.500975,False,False,
7723413490,выжил,,,9.81767,56.10,12300,4485,-0.18417,2.17276,,True,False,коэффициент_автономии;ча_отрицательные_2года
7723526662,выжил,,,9.81767,45.32,12300,2441,0.835507,,-41.8246,False,True,убыток_2года
7723707002,выжил,,,9.81767,68.32.1,20716,,,,,,,
7723740786,выжил,,,9.81767,45.2,12300,36282,0.325015,,0.0947379,False,False,
7723819161,выжил,,,9.81767,41.20,12300,,0.993127,145.5,,False,,
7723826440,выжил,,,9.81767,86.10,12300,8532,0.03125,1.03226,0.1702,False,False,коэффициент_автономии
7723902050,банкрот,2023,ProceedingsStopped,1,46.31,12300,982259,0.012092,,-0.0507815,False,False,коэффициент_автономии
7724194000,выжил,,,9.81767,52.21.24,20201,,0,,,,False,коэффициент_автономии
7724324860,выжил,,,9.81767,45.3,12300,344776,0.429494,,-0.752276,False,False,
7724365249,выжил,,,9.81767,46.73,12300,47,0.107764,,0.999022,False,False,падение_выручки
7724373803,выжил,,,9.81767,38.11,12300,61655,0.043499,,-0.173465,False,False,коэффициент_автономии
7724398406,выжил,,,9.81767,29.10,12300,,1,,,False,,
7724400221,выжил,,,9.81767,47.91,12300,30675,0.941484,,0.819913,False,False,падение_выручки
7724400542,выжил,,,9.81767,73.11,12300,,-0.166667,,,True,,коэффициент_автономии;ча_отрицательные_2года
7724437119,выжил,,,9.81767,46.69,12300,14401,0.437298,,-0.0303356,False,False,
7724449185,выжил,,,9.81767,86.90,12300,,,,,False,False,
7724463334,выжил,,,9.81767,73.11,12300,,0.242718,,,False,,
7724494036,выжил,,,9.81767,41.20,12300,589586,0.00422335,1.00424,-33.0427,False,False,коэффициент_автономии
7724598620,выжил,,,9.81767,,12165,303431,0.970956,32.0853,-1.06194,False,False,
7724649120,выжил,,,9.81767,62.01,12300,49387,0.730971,3.69061,-0.984211,False,False,
7724711001,выжил,,,9.81767,95.22.1,12300,43716,-0.10257,,-0.358821,True,False,коэффициент_автономии;ча_отрицательные_2года
7724755496,выжил,,,9.81767,,12300,0,0.909091,,1,False,False,падение_выручки
7724767519,выжил,,,9.81767,46.12.3,12300,69796,0.476927,1.91178,-0.117344,False,False,
7724858413,выжил,,,9.81767,46.3,12165,5613,-0.0858411,,0.300735,False,True,коэффициент_автономии;убыток_2года
7724893087,выжил,,,9.81767,46.33,12300,92569,0.265384,,-0.366393,False,False,
7724899843,выжил,,,9.81767,47.65,12300,44452,0.00594059,1.00598,0.313377,False,False,коэффициент_автономии
7724905247,выжил,,,9.81767,,12300,45172,0.416431,1.71377,-0.03123,False,False,
7725009250,выжил,,,9.81767,68.20,12300,44820,0.950141,,-0.0589236,False,False,
7725083455,выжил,,,9.81767,80.10,12300,258637,0.123789,1.13135,-0.188272,False,False,
7725285412,выжил,,,9.81767,22.19,12300,78143,0.242255,1.45753,-0.905555,False,False,
7725377889,выжил,,,9.81767,46.69.8,12300,6852,0.981524,54.125,,False,False,
7725387365,выжил,,,9.81767,73.20,12300,7304,0.878975,7.9776,-0.108682,False,False,
7725412614,выжил,,,9.81767,52.24,12300,40301,0.000688142,1.00069,0,False,False,коэффициент_автономии
7725495219,выжил,,,9.81767,43.29,12300,850,0.00670017,,-0.0493827,False,False,коэффициент_автономии
7725498266,выжил,,,9.81767,73.11,12300,,0.333333,1.5,,False,,
7725588600,выжил,,,9.81767,47.29.35,12300,92517,0.478884,,-0.118246,False,False,
7725600939,выжил,,,9.81767,55.1,12300,1723,-0.302872,,0.314638,True,True,коэффициент_автономии;убыток_2года;ча_отрицательные_2года
7725608631,выжил,,,9.81767,64.9,12300,,,,,False,False,
7725713851,выжил,,,9.81767,93.13,12165,5803,-8.88839,,-0.434611,True,True,коэффициент_автономии;убыток_2года;ча_отрицательные_2года
7725719155,выжил,,,9.81767,86,12300,0,1,,1,False,False,падение_выручки
7725739730,выжил,,,9.81767,90.04.3,12300,1944,0.963707,,0.192356,False,False,
7725819270,банкрот,2023,Tender,1,71.1,12300,210737,0.0883472,,-1.04589,False,False,коэффициент_автономии
7725835296,выжил,,,9.81767,46.19,12300,47479,0.0588411,,-2.73909,False,False,коэффициент_автономии
7726081115,выжил,,,9.81767,94.20,20202,,,,,,,
7726302565,выжил,,,9.81767,72.19,12300,,0,,,,False,коэффициент_автономии
7726338025,выжил,,,9.81767,47.59.3,12300,393,-3.54116,,-1.07937,True,True,коэффициент_автономии;убыток_2года;ча_отрицательные_2года
7726355849,выжил,,,9.81767,46.90,12300,567424,0.0771578,1.0826,-0.0607107,False,False,коэффициент_автономии
7726456798,выжил,,,9.81767,47.91,12300,60668,0.716634,,-2.09058,False,False,
7726473264,выжил,,,9.81767,71.20,12300,,-6.70588,,,,False,коэффициент_автономии
7726477413,выжил,,,9.81767,68.20.2,12300,,-4.81132,,,,False,коэффициент_автономии
7726582506,выжил,,,9.81767,46.90,12300,,0.96,,,False,,
7726656878,выжил,,,9.81767,,12300,11605,0.449804,1.78799,-0.463061,False,False,
7726733402,выжил,,,9.81767,45.20,12300,,1,,,False,,
7727167012,выжил,,,9.81767,68.20,12300,630,-5.46212,,0.611111,True,False,коэффициент_автономии;падение_выручки;ча_отрицательные_2года
7727310600,выжил,,,9.81767,46.75,12300,0,1,,,False,False,
7727334697,выжил,,,9.81767,46.71,12300,,0.19131,,,False,True,убыток_2года
7727381714,выжил,,,9.81767,46.49,12300,37269,0.661233,2.80038,-0.505879,False,False,
7727401343,выжил,,,9.81767,53.20.32,12300,246082,0.988909,,-2510.04,False,False,
7727406214,выжил,,,9.81767,56.10.1,12300,20562,0.886833,,-0.3667,False,False,
7727408500,выжил,,,9.81767,,12300,211209,0.0199581,,0.0121327,False,False,коэффициент_автономии
7727422720,банкрот,2022,Tender,1,46.21,12300,19221,-0.0108246,0.996843,0.930638,True,True,коэффициент_автономии;падение_выручки;текущая_ликвидность;убыток_2года;ча_отрицательные_2года
7727451030,выжил,,,9.81767,62.01,12300,103575,-0.889841,,-1.82336,False,False,коэффициент_автономии
7727453510,выжил,,,9.81767,,12300,0,0.933333,,,,False,
7727461046,выжил,,,9.81767,41.20,12300,42529,0.0250372,1.02568,,False,False,коэффициент_автономии
7727471358,выжил,,,9.81767,46.73.6,12300,,,,,False,,
7727481042,выжил,,,9.81767,41.20,12300,,1,,,False,,
7727658557,выжил,,,9.81767,77.11,12300,420,0.554225,,0.704641,False,False,падение_выручки
7727667833,выжил,,,9.81767,61.10.9,12300,2034,0.97074,,0.223071,False,False,
7727687491,выжил,,,9.81767,,12300,16098,0.954755,,-0.120406,False,False,
7727725370,выжил,,,9.81767,71.1,12300,14237,0.141307,1.16456,-2.82921,False,False,
7727789038,выжил,,,9.81767,46.69,12300,511784,0.199069,1.35348,-0.467027,False,False,
7727804776,выжил,,,9.81767,81.22,12300,386,-1.13365,,-3.19565,True,True,коэффициент_автономии;убыток_2года;ча_отрицательные_2года
7727833706,выжил,,,9.81767,45.31,12300,806039,0.0841065,1.09083,-1.56705,False,False,коэффициент_автономии
7727842637,выжил,,,9.81767,81.21,12300,47551,0.0231159,,-2.80195,False,False,коэффициент_автономии
7728152273,выжил,,,9.81767,43.29,12300,8904,1,,,,False,
7728174566,выжил,,,9.81767,86.23,12300,114609,0.608659,,-0.367437,False,False,
7728231969,выжил,,,9.81767,46.31,12300,,-0.656137,,,True,False,коэффициент_автономии;ча_отрицательные_2года
7728239735,выжил,,,9.81767,68.20.2,12300,20284,0.896011,2.63133,-0.620257,False,False,
7728297448,выжил,,,9.81767,96.02,12300,,-1.95349,,,True,True,коэффициент_автономии;убыток_2года;ча_отрицательные_2года
7728352650,выжил,,,9.81767,47.30,12300,28155,0.234585,,-0.0646222,False,False,
7728356277,выжил,,,9.81767,46.73.6,12300,39705,0.318006,,-0.530117,False,False,
7728373811,выжил,,,9.81767,46.90,12300,289,-0.277778,,,True,False,коэффициент_автономии;ча_отрицательные_2года
7728445689,выжил,,,9.81767,72.20,12300,0,0.871823,7.4569,1,False,True,падение_выручки;убыток_2года
7728472876,выжил,,,9.81767,,12300,144908,0.0174894,,-2.06755,False,False,коэффициент_автономии
7728485868,выжил,,,9.81767,,12300,,0.507937,,,False,False,
7728521989,банкрот,2022,ProceedingsStopped,1,,12267,28285,0.531228,2.57461,0.260407,False,True,убыток_2года
7728527229,выжил,,,9.81767,66.19,12300,0,-4.01974,,1,True,False,коэффициент_автономии;падение_выручки;ча_отрицательные_2года
7728556999,выжил,,,9.81767,43.2,12300,654,-0.380601,,0.52193,True,False,коэффициент_автономии;падение_выручки;ча_отрицательные_2года
7728674939,выжил,,,9.81767,46.90,12300,1.54123e+06,0.182853,1.15263,-1.00919,False,False,
7728717540,выжил,,,9.81767,,12300,417219,0.0781057,,0.0410897,False,False,коэффициент_автономии
7728794810,выжил,,,9.81767,78.10,12300,72199,0.386954,,-2.14004,False,False,
7728832737,выжил,,,9.81767,79.11,12300,10,0.254902,,0.772727,False,False,падение_выручки
7728842742,выжил,,,9.81767,47.73,12300,,,,,False,,
7728843626,банкрот,2022,Tender,1,43.21,12300,583,-0.346595,,0.991523,False,True,коэффициент_автономии;падение_выручки;убыток_2года
7728850310,выжил,,,9.81767,,12300,1.23613e+07,0.353493,1.503,-0.0178995,False,False,
7729006726,банкрот,2024,ProceedingsFinished,1,71.11,12267,,-0.000118737,0.0505016,,False,False,коэффициент_автономии;текущая_ликвидность
7729076346,выжил,,,9.81767,52.21.24,20101,,,,,,,
7729196474,выжил,,,9.81767,68.20,12300,3857,0.976129,,-0.14451,False,True,убыток_2года
7729440316,выжил,,,9.81767,,75500,5156,,,-0.235858,,False,
7729497841,выжил,,,9.81767,55.90,12300,,,,,,,
7729548197,выжил,,,9.81767,68.32.1,12247,49606,0.281373,0.393704,0.235407,False,False,текущая_ликвидность
7729580320,выжил,,,9.81767,46.19,10000,356163,0.165742,,-0.604598,False,False,
7729669466,выжил,,,9.81767,46.1,12300,13292,0.58036,,0.77444,False,False,падение_выручки
7729685845,выжил,,,9.81767,52.29,12300,48799,0.745136,,-0.607239,False,False,
7729719163,выжил,,,9.81767,46.75.1,12300,23212,0.731182,,-2.15724,False,False,
7729720377,выжил,,,9.81767,46.32,12300,22440,0.2718,1.37325,0.357167,False,False,
7729738511,выжил,,,9.81767,46.72,12165,11342,0.0143609,1.01457,-0.916202,False,False,коэффициент_автономии
7729740398,выжил,,,9.81767,,12300,25969,0.515562,1.9999,-0.226805,False,False,
7729748100,выжил,,,9.81767,43.33,12300,3936,0.475651,,-0.131034,False,False,
7729779050,выжил,,,9.81767,81.22,12300,597,0.640927,2.78495,0.0729814,False,False,
7731201636,выжил,,,9.81767,,12300,3973,0.730043,,-0.0171531,False,False,
7731317817,выжил,,,9.81767,46.69.8,12300,3576,0.282338,,-17.433,False,False,
7731335340,выжил,,,9.81767,25.11,12300,41750,0.0861722,,-0.627173,False,False,коэффициент_автономии
7731375520,выжил,,,9.81767,46.19,12300,32,0.981818,,0.977496,False,False,падение_выручки
7731400409,выжил,,,9.81767,73.11,12300,,-2.28571,0.166667,,True,True,коэффициент_автономии;текущая_ликвидность;убыток_2года;ча_отрицательные_2года
7731405510,выжил,,,9.81767,56.10,12300,28371,0.285388,,-0.628739,False,False,
7731409345,выжил,,,9.81767,69.10,12300,57546,0.812791,,0.0882791,False,False,
7731424079,выжил,,,9.81767,80.10,12300,,1,,,False,,
7731441638,выжил,,,9.81767,46.4,12300,89300,0.0134655,1.21014,-0.6364,False,False,коэффициент_автономии
7731571877,выжил,,,9.81767,49.41,12300,11527,0.00601937,0.572831,0.13474,False,False,коэффициент_автономии;текущая_ликвидность
7731650335,выжил,,,9.81767,80.10,12300,14907,-0.0599129,1.10871,0.437026,True,True,коэффициент_автономии;убыток_2года;ча_отрицательные_2года
7732113936,выжил,,,9.81767,70.22,12300,136978,0.221952,,-0.0890458,False,False,
7732120122,выжил,,,9.81767,,12300,456,0.107062,34.8667,0.72841,False,False,падение_выручки
7732501110,выжил,,,9.81767,,12300,9020,0.71704,3.32771,-1.91626,False,False,
7733191239,выжил,,,9.81767,69.10,71400,,,,,,,
7733238504,банкрот,2024,ProceedingsStopped,1,71.11.1,12300,1.25278e+06,0.0182563,1.01853,0.106289,False,False,коэффициент_автономии
7733246382,выжил,,,9.81767,46.49,12300,42303,0.913254,,0.391017,False,False,
7733266893,выжил,,,9.81767,,12300,75526,0.630887,,-0.541756,False,False,
7733332970,выжил,,,9.81767,85.11,75500,10782,,,-9.50877,,False,
7733347006,выжил,,,9.81767,41.20,12300,,1,,,False,,
7733361868,выжил,,,9.81767,86.90,12300,429,0.608696,,,,False,
7733365164,выжил,,,9.81767,86.23,12300,,0.424024,0.223488,,False,,текущая_ликвидность
7733368630,выжил,,,9.81767,74.90,71400,693,,,,,False,
7733598338,выжил,,,9.81767,55.1,12165,41202,0.576431,,-1.02238,False,False,
7733758729,выжил,,,9.81767,41.20,12300,18822,0.112846,,-0.0970449,False,False,
7733786074,выжил,,,9.81767,,12300,5200,0.211325,,0.752652,False,False,падение_выручки
7733839569,выжил,,,9.81767,52.10,12300,1336,1,,-0.139932,False,False,
7733879970,банкрот,2022,Tender,1,41.20,12300,28526,0.257787,1.34435,0.817592,False,False,падение_выручки
7734349493,выжил,,,9.81767,60.10,12300,182,-2.53595,,-1.14118,True,True,коэффициент_автономии;убыток_2года;ча_отрицательные_2года
7734359276,выжил,,,9.81767,,12300,84125,-0.676025,,-0.101084,True,False,коэффициент_автономии;ча_отрицательные_2года
7734414150,выжил,,,9.81767,46.90,12300,4050,-0.128003,,0.626349,False,False,коэффициент_автономии;падение_выручки
7734422658,выжил,,,9.81767,,12300,21103,0.958258,22.7243,-0.583358,False,False,
7734424616,выжил,,,9.81767,52.10,12300,255162,0.151141,,-0.87535,False,False,
7734428593,выжил,,,9.81767,41.20,12300,0,0.365591,,1,False,False,падение_выручки
7734511393,выжил,,,9.81767,86.23,12300,24505,0.702636,,-1.23892,False,False,
7734521049,выжил,,,9.81767,69.10,12300,,,,,,,
7734589054,выжил,,,9.81767,82.99,12300,18086,0.824148,6.77174,-0.182787,False,False,
7734658156,выжил,,,9.81767,52.21.24,20101,,,,,,,
7734702461,выжил,,,9.81767,38.32.3,12165,3002,0.393469,,-0.114328,False,False,
7734716440,выжил,,,9.81767,,12165,40879,0.938401,,-0.576149,False,False,
7734722010,выжил,,,9.81767,41.20,12300,20393,0.00442996,,0.49541,False,False,коэффициент_автономии
7734738845,выжил,,,9.81767,86.10,12300,24364,-0.0646214,,0.171264,True,False,коэффициент_автономии;ча_отрицательные_2года
7735027114,выжил,,,9.81767,47.19,12300,0,1,,1,False,True,падение_выручки;убыток_2года
7735081016,выжил,,,9.81767,55.30,12300,1430,1,,,False,False,
7735167390,банкрот,2023,ProceedingsFinished,1,26.11,12300,,0.00240674,,,False,,коэффициент_автономии
7735181660,выжил,,,9.81767,53.20.3,12300,9859,0.943079,17.5682,0.917933,False,False,падение_выручки
7735191805,выжил,,,9.81767,,12300,190,0.572405,,,,False,
7735607323,выжил,,,9.81767,46.90,12165,734,-1.45609,,,True,True,коэффициент_автономии;убыток_2года;ча_отрицательные_2года
7736224845,выжил,,,9.81767,86.23,12300,57564,0.556048,,0.0337071,False,False,
7736251863,выжил,,,9.81767,73.20,12300,59880,0.918058,,-0.150698,False,False,
7736288246,выжил,,,9.81767,41.20,12300,1646,0.00669344,,,False,False,коэффициент_автономии
7736313774,выжил,,,9.81767,43.22,12300,50933,0.0179792,,0.633968,False,False,коэффициент_автономии;падение_выручки
7736322698,выжил,,,9.81767,43.33,12300,1287,0.0564972,1.65421,-0.000777605,False,False,коэффициент_автономии
7736324575,выжил,,,9.81767,52.10,12300,,0.666667,,,False,,
7736328322,банкрот,2022,Watching,1,41.20,12300,2.26049e+06,0.00433378,1.00393,-13.4303,False,False,коэффициент_автономии
7736520876,банкрот,2023,Tender,1,46.43,12300,167260,-0.024311,,0.678182,False,False,коэффициент_автономии;падение_выручки
7736652294,выжил,,,9.81767,93.19,10000,994,-1.61709,,-4.52222,True,False,коэффициент_автономии;ча_отрицательные_2года
7743088537,выжил,,,9.81767,94.99,20200,,,,,,,
7743091794,выжил,,,9.81767,68.20.2,12300,68138,0.0873415,,0.147838,False,False,коэффициент_автономии
7743096721,выжил,,,9.81767,68.10.1,12300,8606,0.0717594,,,False,False,коэффициент_автономии
7743116706,выжил,,,9.81767,46.76.1,12300,1513,0.472735,1.89354,0.875371,False,False,падение_выручки
7743123693,выжил,,,9.81767,68.20,12300,,-0.0727824,,,True,,коэффициент_автономии;ча_отрицательные_2года
7743140498,выжил,,,9.81767,46.73,12300,48024,0.0237583,,0.0074815,False,False,коэффициент_автономии
7743181007,выжил,,,9.81767,,12300,4560,0.381576,,-0.208267,False,False,
7743182956,выжил,,,9.81767,22.29,12300,5944,0.139157,,0.734572,False,False,падение_выручки
7743197857,выжил,,,9.81767,46.73.6,12300,8972,0.757559,,0.0932794,False,False,
7743254061,выжил,,,9.81767,,71400,,,2.66667,,,,
7743267335,выжил,,,9.81767,63.11,12300,0,-25.3529,,1,False,True,коэффициент_автономии;падение_выручки;убыток_2года
7743289917,выжил,,,9.81767,62.01,12300,2359,-1.20644,,,True,True,коэффициент_автономии;убыток_2года;ча_отрицательные_2года
7743292860,выжил,,,9.81767,10.32,12300,64388,0.193589,,-0.491326,False,False,
7743302861,выжил,,,9.81767,81.10,12300,25628,1,,0.283774,False,False,
7743303417,выжил,,,9.81767,,12300,,1,,,False,True,убыток_2года
7743310358,банкрот,2022,ProceedingsFinished,1,37.00,12300,73252,-0.0609031,,-0.243393,True,False,коэффициент_автономии;ча_отрицательные_2года
7743533202,выжил,,,9.81767,80.10,12300,184654,0.019667,,-0.491539,False,False,коэффициент_автономии
7743666837,выжил,,,9.81767,45.31.1,12165,4402,1,,0.121883,False,False,
7743669387,выжил,,,9.81767,46.49,12165,3692,1,,-1.14029,False,False,
7743761696,выжил,,,9.81767,46.19,12300,3.21256e+06,0.761279,4.14885,-0.360673,False,False,
7743821810,выжил,,,9.81767,25.61,12300,83239,0.395002,,0.296058,False,False,
7743891342,выжил,,,9.81767,47.5,12300,768,0.861224,,-0.190698,False,False,
7743921702,выжил,,,9.81767,46.90,12300,44397,0.165233,,-2.70809,False,False,
7743927077,выжил,,,9.81767,27.12,12300,0,0.825,,1,False,False,падение_выручки
7743938390,выжил,,,9.81767,73.11,12300,4064,0.289441,,-0.163137,False,False,
7751039420,выжил,,,9.81767,46.45,12300,,-41.2941,1.21429,,True,True,коэффициент_автономии;убыток_2года;ча_отрицательные_2года
7751069418,выжил,,,9.81767,79.11,12300,4048,0.00243963,,-1.01393,False,False,коэффициент_автономии
7751126320,выжил,,,9.81767,46.90,12300,37491,0.00713776,1.00719,,False,False,коэффициент_автономии
7751173120,выжил,,,9.81767,20.15,12300,24887,0.576019,,-0.807991,False,False,
7751184001,выжил,,,9.81767,72.19,12300,0,1,,,False,False,
7751190037,выжил,,,9.81767,78.10,12300,,,,,,,
7751205808,выжил,,,9.81767,96.02,12300,,-0.444072,,,,False,коэффициент_автономии
7751525043,выжил,,,9.81767,52.29,12300,1019,0.10576,1.11827,-4.53804,False,False,
7801012762,банкрот,2022,Tender,1,68.20.2,12300,24659,0.474559,,-0.340163,False,False,
7801125501,выжил,,,9.81767,47.19,12300,6079,0.620135,,,False,False,
7801210203,выжил,,,9.81767,86.23,12300,2453,-0.279823,0.211738,-0.0460554,False,True,коэффициент_автономии;текущая_ликвидность;убыток_2года
7801267369,выжил,,,9.81767,68.20,12300,9787,0.842878,,0.101945,False,False,
7801276204,выжил,,,9.81767,47.52,12300,23146,0.00102145,1.50175,-0.104979,False,,коэффициент_автономии
7801288810,выжил,,,9.81767,46.71.1,12300,4549,0.0695831,1.07479,0.908794,False,False,коэффициент_автономии;падение_выручки
7801289108,выжил,,,9.81767,49.3,12300,,,,,True,True,убыток_2года;ча_отрицательные_2года
7801336407,выжил,,,9.81767,82.30,20600,,-0.190476,,,True,True,коэффициент_автономии;убыток_2года;ча_отрицательные_2года
7801369522,выжил,,,9.81767,68.20,12300,1923,-2.36228,,-0.0299946,True,True,коэффициент_автономии;убыток_2года;ча_отрицательные_2года
7801411326,выжил,,,9.81767,47.71,12300,203218,0.981537,53.2353,0.594075,False,False,падение_выручки
7801416910,выжил,,,9.81767,56.10,12300,350,1,,0.166667,False,False,
7801417399,выжил,,,9.81767,71.11,12300,0,0.371186,,,False,False,
7801439089,выжил,,,9.81767,96.09,12300,6,1,,0.996698,False,False,падение_выручки
7801616813,выжил,,,9.81767,46.72,12300,3566,0.722672,3.60584,0.730257,False,False,падение_выручки
7801665761,выжил,,,9.81767,88.99,71400,,,,,,,
7801686659,выжил,,,9.81767,64.20,12300,,1,,,False,,
7801687067,выжил,,,9.81767,46.71,12300,47913,0.237201,1.31096,-4.62425,False,False,
7801690197,выжил,,,9.81767,85.42.9,12300,,-0.295082,,,,False,коэффициент_автономии
7802056681,выжил,,,9.81767,,20102,,,37.7609,,,False,
7802077811,выжил,,,9.81767,,12300,600,-0.00200185,,-0.333333,True,True,коэффициент_автономии;убыток_2года;ча_отрицательные_2года
7802165881,выжил,,,9.81767,52.2,20101,,,,,,,
7802390855,выжил,,,9.81767,43.12,12300,,0.994758,166.018,,False,False,
7802406720,выжил,,,9.81767,,12300,2303,-0.942186,4.56495,,True,False,коэффициент_автономии;ча_отрицательные_2года
7802418959,выжил,,,9.81767,43.21,12300,90291,0.200326,,-0.258323,False,False,
7802524731,выжил,,,9.81767,46.90,12300,129619,0.0172202,1.02439,0.592974,False,False,коэффициент_автономии;падение_выручки
7802611575,выжил,,,9.81767,52.29,12300,36921,0.0308613,0.201004,-0.444258,False,False,коэффициент_автономии;текущая_ликвидность
7802624327,выжил,,,9.81767,23.13,12300,,-0.134431,,,True,False,коэффициент_автономии;ча_отрицательные_2года
7802624888,выжил,,,9.81767,,19000,,,,,False,,
7802664464,выжил,,,9.81767,78.10,12300,398,0.507937,,,False,False,
7802664947,выжил,,,9.81767,86.21,12300,63871,0.265676,1.48618,-0.00550999,False,False,
7802669960,выжил,,,9.81767,68.32,20716,,,8.22925,,,False,
7802696635,выжил,,,9.81767,46.90,12300,1998,-0.624652,0.49401,0.661184,False,False,коэффициент_автономии;падение_выручки;текущая_ликвидность
7802699058,выжил,,,9.81767,45.20,12300,14665,0.161702,,-0.263571,False,False,
7802727080,выжил,,,9.81767,46.90,12300,2160,0.00540958,1.00544,,False,False,коэффициент_автономии
7802784419,выжил,,,9.81767,68.31,12300,42670,0.50378,,0.653953,False,False,падение_выручки
7802812659,выжил,,,9.81767,43.3,12300,,0.599681,,,False,False,
7802877293,выжил,,,9.81767,46.74,12300,4703,0.531915,2.13636,-3.50048,False,False,
7802881317,выжил,,,9.81767,,12300,1413,0.125979,,,False,False,
7802885992,выжил,,,9.81767,41.20,12300,1500,0.999221,1284,,False,False,
7802890664,выжил,,,9.81767,46.72,12300,,1,,,False,,
7802899000,выжил,,,9.81767,68.20.2,12300,,-0.0519802,1.21504,,False,False,коэффициент_автономии
7804078345,выжил,,,9.81767,46.37,12300,7.11325e+06,0.385073,1.62513,-0.079163,False,False,
7804161561,выжил,,,9.81767,46.90,12300,1.33903e+06,0.166928,1.07834,0.00888502,False,False,
7804196532,выжил,,,9.81767,68.32,12300,3919,0.0753787,,0.0907193,False,False,коэффициент_автономии
7804290292,выжил,,,9.81767,82.99,71400,260,1,,0.601838,False,False,падение_выручки
7804327697,выжил,,,9.81767,69.20.2,12300,1030,0.949749,,0.0364827,False,False,
7804425567,выжил,,,9.81767,71.1,12300,3094,1,,-1.35106,False,False,
7804428511,выжил,,,9.81767,,12300,2026,0.540323,2.17544,0.00977517,False,False,
7804463964,выжил,,,9.81767,71.2,19000,0,0.445331,1.73275,,False,False,
7804503906,выжил,,,9.81767,,12300,36870,0.0705369,2.00927,0.343822,False,False,коэффициент_автономии
7804521221,выжил,,,9.81767,,12300,,1,,,False,,
7804557323,выжил,,,9.81767,46.69.9,12300,7597,0.0223824,0.980376,0.860442,False,False,коэффициент_автономии;падение_выручки;текущая_ликвидность
7804606740,выжил,,,9.81767,33.12,10000,6874,0.149533,,0.148203,False,False,
7804645555,выжил,,,9.81767,52.29,12300,,,,,,,
7804658850,выжил,,,9.81767,46.73,12300,3737,0.674312,,-1.36819,False,False,
7804681747,выжил,,,9.81767,82.92,12300,33883,0.0938035,,,,False,коэффициент_автономии
7804684138,выжил,,,9.81767,74.20,12300,2673,-9.46667,,,,False,коэффициент_автономии
7804686720,выжил,,,9.81767,45.31,12300,2993,0.27679,,,,False,
7805302670,выжил,,,9.81767,94.99,20200,,,1,,,,
7805317638,выжил,,,9.81767,52.29,12300,2098,0.791691,4.75565,0.374478,False,True,убыток_2года
7805318952,выжил,,,9.81767,46.38,12300,81385,0.014672,,0.438569,False,False,коэффициент_автономии
7805323247,банкрот,2024,Tender,1,41.20,12300,504404,0.0248421,,-2.12342,False,False,коэффициент_автономии
7805341077,выжил,,,9.81767,85.13,28001,,,,,,,
7805718982,выжил,,,9.81767,79.11,12300,0,,,1,False,False,падение_выручки
7805733123,выжил,,,9.81767,93.29,12300,822,0.388889,,0.801305,False,False,падение_выручки
7805752817,выжил,,,9.81767,23.70,12300,44260,0.371946,,,False,False,
7805756868,выжил,,,9.81767,46.90,12300,85671,0.164835,,0.0423434,False,False,
7805777554,выжил,,,9.81767,73.11,12300,22643,0.00571701,,,,False,коэффициент_автономии
7806034093,выжил,,,9.81767,18.12,12165,1637,0.0372414,1.03868,0.287331,False,False,коэффициент_автономии
7806297511,выжил,,,9.81767,52.21.24,12300,3018,-3.67089,,-8.61146,True,False,коэффициент_автономии;ча_отрицательные_2года
7806316235,выжил,,,9.81767,27.12,12300,24333,-0.154927,0.865856,-0.429587,True,False,коэффициент_автономии;текущая_ликвидность;ча_отрицательные_2года
7806483500,выжил,,,9.81767,47.74,12300,,-0.130067,0.884903,,True,,коэффициент_автономии;текущая_ликвидность;ча_отрицательные_2года
7806536985,выжил,,,9.81767,46.47.1,12300,547,0.742411,,0.749083,False,False,падение_выручки
7807015569,выжил,,,9.81767,68.32.1,20102,768,,,-0.192547,,False,
7807153431,выжил,,,9.81767,43.39,12300,,1,,,False,,
7807196315,выжил,,,9.81767,47.19,12300,0,-5.1,2.69231,1,True,False,коэффициент_автономии;падение_выручки;ча_отрицательные_2года
7807241173,выжил,,,9.81767,46.39,12300,,0.288462,6.72727,,False,,
7807246904,выжил,,,9.81767,77.40,12300,,0.0118765,,,,,коэффициент_автономии
7807250354,выжил,,,9.81767,52.29,12300,8212,0.830721,5.90741,,False,False,
7807334068,выжил,,,9.81767,43.33,12300,15726,0.435281,,-0.0415949,False,False,
7807351560,выжил,,,9.81767,80.10,12300,102562,0.586449,,-0.326856,False,False,
7807358012,выжил,,,9.81767,46.19,12165,0,1,,1,False,False,падение_выручки
7807378121,выжил,,,9.81767,46.46,12300,84561,0.94582,13.0628,0.342276,False,False,
7807390707,выжил,,,9.81767,,12300,893,0.177793,,0.574357,False,False,падение_выручки
7810294979,банкрот,2023,ProceedingsStopped,1,72.19,12100,,0.0218433,,,False,,коэффициент_автономии
7810305726,выжил,,,9.81767,94.20,20202,,,19.0217,,,,
7810368074,банкрот,2023,Tender,1,42.11,12300,62179,0.0579341,,0.269247,False,False,коэффициент_автономии
7810410897,выжил,,,9.81767,41.20,12300,129,0.560207,1.14278,,False,False,
7810467149,выжил,,,9.81767,28.49,12300,69050,0.118266,,-0.07894,False,False,
7810589517,выжил,,,9.81767,41.2,12300,0,0.0371971,,,False,False,коэффициент_автономии
7810688966,выжил,,,9.81767,16.23,12200,2549,0.454357,1.82939,0.927907,False,False,падение_выручки
7810690179,выжил,,,9.81767,33.14,12300,921,0.0229508,,0.755313,False,False,коэффициент_автономии;падение_выручки
7810715673,выжил,,,9.81767,63.11.1,12300,16782,-1.93779,,-1.04808,True,False,коэффициент_автономии;ча_отрицательные_2года
7810741828,выжил,,,9.81767,78.10,12300,372143,0.0363708,,-0.217451,False,False,коэффициент_автономии
7810777736,выжил,,,9.81767,71.12,12300,,1,,,False,True,убыток_2года
7810798398,выжил,,,9.81767,69.10,20616,,,0.680556,,,False,текущая_ликвидность
7810905160,банкрот,2023,Tender,1,46.69.9,12300,37024,0.0406174,1.08199,-6.59778,False,False,коэффициент_автономии
7810906156,выжил,,,9.81767,52.29,12300,189082,0.109271,1.00791,,False,False,
7810909076,выжил,,,9.81767,41.20,12300,685,0.021322,1.02179,,False,False,коэффициент_автономии
7810914485,выжил,,,9.81767,43.99,12300,7359,-5.11111,,,,False,коэффициент_автономии
7810921676,выжил,,,9.81767,46.71,12300,39015,0.0134171,,,,False,коэффициент_автономии
7810927519,выжил,,,9.81767,43.39,12300,,1,,,False,,
7810942771,выжил,,,9.81767,93.29.9,12300,9710,0.994093,,0.284978,False,False,
7810970521,выжил,,,9.81767,56.10,12300,9109,-1.2762,,-0.443124,False,True,коэффициент_автономии;убыток_2года
7810985944,выжил,,,9.81767,46.69.4,12300,53948,0.221397,1.5555,0.125328,False,False,
7811021205,выжил,,,9.81767,68.20.2,12300,13240,0.986005,,-0.123271,False,False,
7811144743,выжил,,,9.81767,80,12165,32873,0.813081,5.20626,-0.234018,False,False,
7811197223,выжил,,,9.81767,46.75.2,12300,611393,0.255849,1.41383,-0.502582,False,False,
7811413202,выжил,,,9.81767,,12300,686,0.935361,,0.139272,False,False,
7811420136,выжил,,,9.81767,25.1,12300,247700,0.974993,44.4005,-0.728626,False,False,
7811430737,выжил,,,9.81767,,12300,13506,0.616488,,-0.213913,False,False,
7811458933,выжил,,,9.81767,46.69.9,12300,47256,-0.118456,1.48665,-0.109869,True,True,коэффициент_автономии;убыток_2года;ча_отрицательные_2года
7811529207,выжил,,,9.81767,86,12300,13438,-0.119757,,-2.91322,True,False,коэффициент_автономии;ча_отрицательные_2года
7811544371,выжил,,,9.81767,46.90,12300,28893,0.280648,,-0.354381,False,False,
7811554027,выжил,,,9.81767,52.10,12300,6851,0.0168402,,-0.213211,False,False,коэффициент_автономии
7811557268,выжил,,,9.81767,47.91.2,12165,0,,,1,False,False,падение_выручки
7811598095,выжил,,,9.81767,46.69.9,12300,101307,0.0222251,,-0.719954,False,False,коэффициент_автономии
7811610835,банкрот,2023,Tender,1,41.20,12300,44442,0.0685698,1.07362,-0.147631,False,False,коэффициент_автономии
7811632620,выжил,,,9.81767,16.24,12300,20641,0.0332756,,-1.02026,False,False,коэффициент_автономии
7811645027,выжил,,,9.81767,43.32,12300,0,0.0420054,1.04385,1,False,False,коэффициент_автономии;падение_выручки
7811660480,выжил,,,9.81767,56.10.1,12300,,1,,,False,,
7811673899,выжил,,,9.81767,46.74.3,12300,442655,0.0238267,,-0.03846,False,False,коэффициент_автономии
7811725794,выжил,,,9.81767,62.01,12300,2120,0.980828,,-0.268701,False,False,
7811728308,выжил,,,9.81767,47.91,12300,27456,0.241539,1.31846,-2.77039,False,False,
7811739074,выжил,,,9.81767,46.73,12300,2700,0.0386852,,0.456412,False,False,коэффициент_автономии
7811750840,выжил,,,9.81767,69.20,12300,3378,0.910638,11.0156,-2.21714,False,False,
7811752621,выжил,,,9.81767,46.47,12300,856,0.030303,,,,False,коэффициент_автономии
7811759391,выжил,,,9.81767,23.61,12300,6621,0.435691,,,,False,
7813162900,выжил,,,9.81767,62.02,12300,1183,0.191456,,0.337255,False,False,
7813375070,выжил,,,9.81767,68.20.2,12300,32945,0.854829,,-0.195869,False,False,
7813387660,банкрот,2022,ProceedingsFinished,1,42.21,12300,882927,0.0409964,1.04149,-0.764118,False,False,коэффициент_автономии
7813444439,выжил,,,9.81767,86.21,12300,51961,0.844306,5.84871,-1.00081,False,False,
7813509245,выжил,,,9.81767,96.02,12300,6982,0.634173,,-0.235096,False,False,
7813527773,выжил,,,9.81767,63.11.1,12300,430928,0.167751,6.95024,-0.546935,False,False,
7813576717,выжил,,,9.81767,,12300,3979,0.875913,,0.510397,False,False,падение_выручки
7813589787,выжил,,,9.81767,,12300,,1,,,False,,
7813612838,выжил,,,9.81767,56.10.1,12300,5982,-4.33234,,0.0161184,True,True,коэффициент_автономии;убыток_2года;ча_отрицательные_2года
7813618332,выжил,,,9.81767,,12300,60355,-1.69998,,-1.38604,True,False,коэффициент_автономии;ча_отрицательные_2года
7813641691,выжил,,,9.81767,56.10,12300,19272,0.595238,,-1.67555,False,False,
7813647365,выжил,,,9.81767,32.30,12300,830,0.81875,5.51724,-0.617934,False,False,
7813648048,выжил,,,9.81767,,12300,26,-0.133188,0.851566,,False,False,коэффициент_автономии;текущая_ликвидность
7813652478,выжил,,,9.81767,,12300,2775,0.997619,,,,False,
7814024934,выжил,,,9.81767,68.32.1,20102,,,,,,False,
7814139653,выжил,,,9.81767,94.9,20702,,,,,False,,
7814193474,выжил,,,9.81767,94.99,20200,,,,,,,
7814369784,выжил,,,9.81767,68.32,12300,,-1.03135,0.0797325,,True,True,коэффициент_автономии;текущая_ликвидность;убыток_2года;ча_отрицательные_2года
7814391684,банкрот,2022,ProceedingsFinished,1,41.2,12300,,,,,,,
7814416314,выжил,,,9.81767,69.20,12300,,,,,,,
7814435317,выжил,,,9.81767,46.6,12300,135152,0.479589,,-0.277791,False,False,
7814471594,выжил,,,9.81767,46.13.2,12300,0,-0.195314,0.8366,1,True,False,коэффициент_автономии;падение_выручки;текущая_ликвидность;ча_отрицательные_2года
7814480817,выжил,,,9.81767,43.2,20102,,,,,,,
7814494827,выжил,,,9.81767,46.75,12300,18799,0.387901,,0.185097,False,False,
7814535953,выжил,,,9.81767,56.10,12300,365,0.480365,,-35.5,False,False,
7814612809,выжил,,,9.81767,62.09,12300,8993,0.984657,,-0.186412,False,False,
7814676200,выжил,,,9.81767,46.32,12300,3153,0.00319145,1.00303,-0.0203883,False,False,коэффициент_автономии
7814686864,выжил,,,9.81767,,12300,14967,0.0879863,1.63716,-0.400356,False,False,коэффициент_автономии
7814687924,выжил,,,9.81767,,12200,1056,-0.272799,,0.556303,False,True,коэффициент_автономии;падение_выручки;убыток_2года
7814716942,выжил,,,9.81767,56.10,12300,21734,0.565272,,-0.381076,False,False,
7814772746,выжил,,,9.81767,59.11,12300,,1,,,False,False,
7814786770,выжил,,,9.81767,45.31,12300,2955,-1.76143,,,,False,коэффициент_автономии
7816136859,выжил,,,9.81767,,12300,910,0.0243286,,-0.812749,False,False,коэффициент_автономии
7816287022,выжил,,,9.81767,52.29,12300,157045,-0.00356239,,-2.81909,True,False,коэффициент_автономии;ча_отрицательные_2года
7816443190,выжил,,,9.81767,71.12.1,12300,3364,0.493713,,0.150076,False,False,
7816449516,выжил,,,9.81767,46.41.2,12300,0,1,,,False,False,
7816466198,выжил,,,9.81767,,12300,100825,0,,-0.592384,,False,коэффициент_автономии
7816532588,выжил,,,9.81767,18.12,12300,1190,0.319111,,0.0464744,False,False,
7816566072,выжил,,,9.81767,31.0,12300,42218,0.641696,,-0.1,False,False,
7816671260,выжил,,,9.81767,71.12,12300,4348,-0.0671569,0.9375,,True,False,коэффициент_автономии;текущая_ликвидность;ча_отрицательные_2года
7816705640,выжил,,,9.81767,43.11,12300,20792,0.0561599,1.0595,-1.169,False,False,коэффициент_автономии
7817055708,выжил,,,9.81767,20.42,12300,,1,,,False,True,убыток_2года
7817063762,выжил,,,9.81767,68.20,12300,21460,0.782643,,-0.221887,False,False,
7817117305,выжил,,,9.81767,69.10,12300,38,0.0635593,,,,False,коэффициент_автономии
7817322738,выжил,,,9.81767,77.39.11,12300,,0.339501,,,False,False,
7817327800,банкрот,2023,Tender,1,46.90,12300,58506,0.0358895,,,False,False,коэффициент_автономии
7819042172,выжил,,,9.81767,43.99,12300,7252,0.163193,1.16709,-0.606913,False,False,
7820033768,выжил,,,9.81767,94.99,20200,,,,,,,
7820044865,выжил,,,9.81767,10.89,12300,1.76887e+06,0.073784,2.24689,-0.239102,False,False,коэффициент_автономии
7820070826,выжил,,,9.81767,64.99,70400,,,,,,,
7820312465,выжил,,,9.81767,41.20,12300,0,0.056115,1.05863,1,False,False,коэффициент_автономии;падение_выручки
7820314085,выжил,,,9.81767,73.1,12300,96,0.538462,,0.622047,False,True,падение_выручки;убыток_2года
7820325954,выжил,,,9.81767,,20702,0,,,,,False,
7820337170,выжил,,,9.81767,46.69.5,19000,50,0.915789,11.875,0.94186,False,True,падение_выручки;убыток_2года
7823002662,выжил,,,9.81767,68.20.2,12300,1493,0.593838,,0.0697819,False,False,
7825396645,выжил,,,9.81767,64.99,70400,,,,,,,
7825410554,выжил,,,9.81767,10.61.3,12267,120160,0.022053,1.21172,-0.136792,False,False,коэффициент_автономии
7825467769,выжил,,,9.81767,61.10,12300,27176,0.13664,,0.133363,False,False,
7826140607,выжил,,,9.81767,71.11,12300,,0.0111732,1.0113,,False,,коэффициент_автономии
7838014100,выжил,,,9.81767,,12300,6917,-3.625,,-0.0727357,True,False,коэффициент_автономии;ча_отрицательные_2года
7838095684,выжил,,,9.81767,56.10,19000,,-2.88462,,,,False,коэффициент_автономии
7838095701,выжил,,,9.81767,71.12,12300,270,0.650485,,,,False,
7838432756,банкрот,2023,Tender,1,41.20,12300,6.22532e+07,0.588316,2.42904,-737.253,False,False,
7838457983,выжил,,,9.81767,52.24,12300,486682,0.113945,1.10044,-0.401201,False,False,
7838509832,выжил,,,9.81767,,12300,96344,0.836387,1.31221,-1.25008,False,True,убыток_2года
7839099730,банкрот,2024,Watching,1,82.99,12300,,-0.0207426,,,True,True,коэффициент_автономии;убыток_2года;ча_отрицательные_2года
7839137866,выжил,,,9.81767,46.90,12300,817,-0.568493,,,,False,коэффициент_автономии
7839362484,банкрот,2023,ProceedingsFinished,1,41.2,12267,0,-3.04462,0.0503023,1,True,True,коэффициент_автономии;падение_выручки;текущая_ликвидность;убыток_2года;ча_отрицательные_2года
7839438140,выжил,,,9.81767,46.19,12300,12671,0.0231866,1.02374,-0.50255,False,False,коэффициент_автономии
7839444264,выжил,,,9.81767,73.11,12300,15169,0.308218,,0.124899,False,False,
7839475294,выжил,,,9.81767,46.3,12300,1845,0.38801,,0.734418,False,False,падение_выручки
7840036950,банкрот,2022,Tender,1,82.99,12300,165,-0.1859,0.820733,0.953085,True,True,коэффициент_автономии;падение_выручки;текущая_ликвидность;убыток_2года;ча_отрицательные_2года
7840045144,выжил,,,9.81767,68.32,12300,0,-0.327232,,1,True,True,коэффициент_автономии;падение_выручки;убыток_2года;ча_отрицательные_2года
7840069498,выжил,,,9.81767,78.10,12300,52652,0.00524976,1.00528,-1.87417,False,False,коэффициент_автономии
7840073039,выжил,,,9.81767,43.29,12300,11590,1,,,False,False,
7840324934,банкрот,2022,Tender,1,41.2,12300,295841,-0.0178499,0.921673,0.80757,False,False,коэффициент_автономии;падение_выручки;текущая_ликвидность
7840478772,выжил,,,9.81767,68.3,12300,5720,0.565025,,-2.01688,False,False,
7840489661,выжил,,,9.81767,47.91.2,12300,4239,0.82471,,-0.582898,False,False,
7840494975,выжил,,,9.81767,41.20,12300,0,-0.00183297,,1,True,False,коэффициент_автономии;падение_выручки;ча_отрицательные_2года
7841038252,выжил,,,9.81767,64.99,12300,,0.881592,8.44534,,False,False,
7841074250,выжил,,,9.81767,41.20,12300,,-0.0968255,0.869399,,True,False,коэффициент_автономии;текущая_ликвидность;ча_отрицательные_2года
7841077660,выжил,,,9.81767,69.10,12300,9645,0.661423,,0.238813,False,False,
7841091489,выжил,,,9.81767,96.02,12300,5724,0.313929,,,,False,
7841314488,выжил,,,9.81767,64.1,12300,,0.381818,1.61765,,False,,
7841462736,выжил,,,9.81767,,12300,44617,0.109145,,-0.453275,False,False,
7841464229,выжил,,,9.81767,02.40,10000,17774,0.337784,1.51008,0.138857,False,False,
7841489978,выжил,,,9.81767,56.10,12300,3338,-0.24985,,-1.86524,True,False,коэффициент_автономии;ча_отрицательные_2года
7842011246,выжил,,,9.81767,68.32,12300,5948,-1.2731,,-0.192701,True,False,коэффициент_автономии;ча_отрицательные_2года
7842046457,банкрот,2024,Tender,1,49.42,12300,10206,0.220923,,0.447368,False,False,
7842172437,выжил,,,9.81767,68.20,12300,620,0.910377,,-0.172023,False,False,
7842176470,выжил,,,9.81767,49.41,12300,149924,0.0251327,,0.067944,False,False,коэффициент_автономии
7842179200,выжил,,,9.81767,46.90,12300,35380,0.0172936,,-2.0978,False,False,коэффициент_автономии
7842197713,выжил,,,9.81767,71.12,12300,14872,1,,,False,False,
7842302365,банкрот,2024,Tender,1,,12300,152631,0.00204319,,-7.76736,False,False,коэффициент_автономии
7842324866,выжил,,,9.81767,69.10,12300,695,-1.15385,,-0.0281065,True,False,коэффициент_автономии;ча_отрицательные_2года
7842352567,банкрот,2023,Tender,1,33.12,12300,278221,0.412084,1.74773,-0.351716,False,False,
7842412382,выжил,,,9.81767,68.32.1,20716,108,,,-0.270588,,False,
7842419282,банкрот,2022,ProceedingsFinished,1,71.12,12300,17799,0.0907798,1.24863,-0.0708098,False,False,коэффициент_автономии
7842426321,выжил,,,9.81767,52.10,12300,56758,0.952666,20.2602,-3.65382,False,False,
7842465909,выжил,,,9.81767,69.20,12300,4395,-0.0409078,,0.256219,True,False,коэффициент_автономии;ча_отрицательные_2года
7842472906,выжил,,,9.81767,62.09,12300,0,,,,False,False,
7842499190,банкрот,2023,Tender,1,46.90,12300,56039,0.0107155,,-0.624225,False,False,коэффициент_автономии
7901541262,выжил,,,9.81767,46.73.6,12300,74,-0.0245039,,0.986854,False,True,коэффициент_автономии;падение_выручки;убыток_2года
7901541424,выжил,,,9.81767,31.0,12300,0,,,,False,False,
7901551140,выжил,,,9.81767,46.90,12300,,-1.65476,,,False,False,коэффициент_автономии
7903526301,выжил,,,9.81767,47.1,12300,2199,,,0.721116,False,False,падение_выручки
8201009086,выжил,,,9.81767,03.11,12300,72168,0.094079,0.878884,-0.546645,False,False,коэффициент_автономии;текущая_ликвидность
8204007859,выжил,,,9.81767,47.25.1,12300,3128,0.244848,,0.269671,False,False,
8601041574,выжил,,,9.81767,42.21,12165,1946,0.936464,15.9632,0.55873,False,False,падение_выручки
8602053340,банкрот,2022,Tender,1,45.1,12200,1.22533e+06,0.317352,1.53032,0.535699,False,False,падение_выручки
8602061911,выжил,,,9.81767,73.11,12300,0,0.990148,,,False,False,
8602067529,выжил,,,9.81767,46.73,12300,81614,0.087482,1.10311,-1.04926,False,False,коэффициент_автономии
8602107958,выжил,,,9.81767,46.32,12300,352266,0.693338,38.7813,0.0559212,False,False,
8602159875,выжил,,,9.81767,85.42,71400,5798,0.74844,3.94012,0.165155,False,False,
8602212818,выжил,,,9.81767,47.73,12300,29404,0.359078,1.56253,0.00836369,False,False,
8602215745,выжил,,,9.81767,46.71.1,12300,,0.997831,,,False,True,убыток_2года
8602218560,выжил,,,9.81767,,12300,2245,0.557179,,-0.0619678,False,False,
8602225060,выжил,,,9.81767,,12300,172370,0.801402,,-0.00391385,False,False,
8602274910,выжил,,,9.81767,49.41,12300,105686,0.447133,,-79.4307,False,False,
8602290799,выжил,,,9.81767,41.20,12300,,-6,,,True,False,коэффициент_автономии;ча_отрицательные_2года
8602293359,выжил,,,9.81767,41.10,12300,10859,-15.2955,,-17.1285,True,False,коэффициент_автономии;ча_отрицательные_2года
8603163539,выжил,,,9.81767,86.90.9,19000,0,1,,1,False,False,падение_выручки
8603205764,выжил,,,9.81767,49.41,12300,147669,0.566421,1.74122,-0.165897,False,False,
8603213596,выжил,,,9.81767,77.39.2,12300,39178,0.537471,1.65594,-0.0127963,False,False,
8603242614,выжил,,,9.81767,46.73.6,12300,90589,0.0549926,,-5.29178,False,False,коэффициент_автономии
8605029426,выжил,,,9.81767,,12300,90945,0.19232,1.92208,0.126864,False,False,
8606016405,банкрот,2024,ProceedingsStopped,1,41.20,12300,99724,0.0376128,1.00353,-0.0202048,False,False,коэффициент_автономии
8613007680,выжил,,,9.81767,47.25.1,12300,9581,1,,0.381871,False,False,
8614006440,выжил,,,9.81767,94.99,70401,0,,,,,False,
8615005223,выжил,,,9.81767,,12300,,-403.75,,,True,True,коэффициент_автономии;убыток_2года;ча_отрицательные_2года
8617028064,выжил,,,9.81767,46.71.2,12300,0,0.944259,18.0035,,False,True,убыток_2года
8617037301,выжил,,,9.81767,24.20,12300,131,0.985706,29.7512,0.645946,False,False,падение_выручки
8621002453,выжил,,,9.81767,45.21.1,12300,1010,0.980712,20.8462,-2.36667,False,False,
8622019273,выжил,,,9.81767,,12300,20292,0.843648,,0.438858,False,False,
8901013641,выжил,,,9.81767,69.10,20609,,,9.68388,,,,
8901014388,выжил,,,9.81767,62.01,12300,76775,0.278558,,0.0684454,False,False,
8901015536,выжил,,,9.81767,64.99.1,12300,29,0.999172,1206.54,0,False,False,
8901037723,выжил,,,9.81767,68.32,12300,,0.00249377,,,,False,коэффициент_автономии
8901038653,банкрот,2022,Tender,1,49.41,12300,33711,0.0131927,0.511397,0.384926,False,False,коэффициент_автономии;текущая_ликвидность
8904019779,выжил,,,9.81767,33.12,12300,31536,0.849917,,-1.23422,False,False,
8904077474,выжил,,,9.81767,45.20.1,12300,,-7.48684,0.612903,,True,False,коэффициент_автономии;текущая_ликвидность;ча_отрицательные_2года
8904078100,выжил,,,9.81767,,12300,66455,0.339929,,-1.59468,False,False,
8904079496,выжил,,,9.81767,42.11,12165,50794,,7.85523,0.132616,,False,
8905055723,выжил,,,9.81767,10.86,12300,40662,0.937257,,0.00642639,False,False,
8905062287,выжил,,,9.81767,49.41,12300,70748,0.487868,,-0.344738,False,False,
9102004057,банкрот,2023,Tender,1,46.34,12300,667119,0.00677219,1.05082,0.428863,False,False,коэффициент_автономии
9102007594,выжил,,,9.81767,45.1,12300,235938,0.417062,,-0.110976,False,False,
9102017458,выжил,,,9.81767,47.41,12300,8777,0.893696,,0.393099,False,False,
9102022345,выжил,,,9.81767,79.11,12300,0,,,1,False,,падение_выручки
9102023469,выжил,,,9.81767,49.39.3,12300,2297,0.986868,,0.782068,False,False,падение_выручки
9102034245,выжил,,,9.81767,71.20,12300,2480,0.057377,1.06087,-0.251261,False,False,коэффициент_автономии
9102048953,выжил,,,9.81767,,12300,186386,0.846292,,-0.820994,False,False,
9102054690,выжил,,,9.81767,69.20.1,12300,,0.8,,,False,False,
9102063479,выжил,,,9.81767,79.11,12165,,1,,,False,,
9102155708,выжил,,,9.81767,73.11,12300,5001,0.350494,,0.311252,False,False,
9102196944,выжил,,,9.81767,94.99,20200,,,,,,,
9102212184,выжил,,,9.81767,61.10,12300,10532,0.474641,,-6.02602,False,False,
9102231966,выжил,,,9.81767,25.62,12300,,,-0,,False,,текущая_ликвидность
9102254480,выжил,,,9.81767,41.20,12300,4246,0.00193424,,0.692564,False,False,коэффициент_автономии;падение_выручки
9102263340,выжил,,,9.81767,46.65,12300,54,-1.975,,0.413043,True,True,коэффициент_автономии;убыток_2года;ча_отрицательные_2года
9103010303,выжил,,,9.81767,45.20,12300,2600,0.793583,,0.113838,False,False,
9103015380,выжил,,,9.81767,68.20,12267,,0.367789,1.60502,,False,False,
9103066296,выжил,,,9.81767,,12300,,1,,,,,
9103072934,выжил,,,9.81767,46.71,12300,0,1,,,False,False,
9103093758,выжил,,,9.81767,,12300,,,,,False,,
9105018210,выжил,,,9.81767,49.41,12300,2100,0.00752587,,-1.41102,False,False,коэффициент_автономии
9106012940,выжил,,,9.81767,93.21,12300,0,0.0552486,,,False,False,коэффициент_автономии
9107040059,выжил,,,9.81767,47.25,12300,9234,0.8941,,-0.177206,False,False,
9107041581,выжил,,,9.81767,,12300,130,0.625,,,False,False,
9108105157,выжил,,,9.81767,,12267,13492,0.720882,2.08846,-0.299807,False,False,
9108106739,выжил,,,9.81767,,12300,11090,0.00200481,,-0.235379,False,True,коэффициент_автономии;убыток_2года
9108115483,выжил,,,9.81767,85.41,12300,48757,0.37194,,0.024821,False,False,
9108118847,банкрот,2023,Tender,1,68.32.1,65243,32008,0.428282,0.569819,0.124364,False,True,текущая_ликвидность;убыток_2года
9108125298,выжил,,,9.81767,56.10,12300,4838,0.304,,,False,False,
9109000044,банкрот,2023,ProceedingsStopped,1,42.11,12300,114902,-0.229929,0.643687,0.728473,False,True,коэффициент_автономии;падение_выручки;текущая_ликвидность;убыток_2года
9109021608,выжил,,,9.81767,46.90,12300,,-0.0130112,7.91176,,True,False,коэффициент_автономии;ча_отрицательные_2года
9111008548,выжил,,,9.81767,68.20,12300,0,1,,,False,False,
9111012978,выжил,,,9.81767,68.31,12300,0,0.00138966,,,False,True,коэффициент_автономии;убыток_2года
9201012838,выжил,,,9.81767,41.20,12300,5730,-0.881784,,-2.16925,True,True,коэффициент_автономии;убыток_2года;ча_отрицательные_2года
9201501733,выжил,,,9.81767,50.2,12300,,-0.999914,,,True,False,коэффициент_автономии;ча_отрицательные_2года
9201512855,выжил,,,9.81767,46.77,12300,26124,0.104477,,-25.9876,False,False,
9201525734,выжил,,,9.81767,94.99,20200,,0,,,False,,коэффициент_автономии
9201527876,выжил,,,9.81767,71.12.2,12300,,-0.552253,1.85138,,True,True,коэффициент_автономии;убыток_2года;ча_отрицательные_2года
9203008499,выжил,,,9.81767,68.32,20100,,,,,,,
9203501129,выжил,,,9.81767,94.99,20200,,,,,False,,
9203539475,выжил,,,9.81767,74.20,12300,,,,,,,
9204011286,выжил,,,9.81767,,12300,68539,0.772199,,-0.170167,False,False,
9204507860,выжил,,,9.81767,46.39,12300,,0.984242,,,False,False,
9204551884,выжил,,,9.81767,56.29,12300,,0.101962,,,False,True,убыток_2года
9701036210,выжил,,,9.81767,41.20,12300,0,-13.1857,,,True,False,коэффициент_автономии;ча_отрицательные_2года
9701040960,выжил,,,9.81767,88.10,71400,0,0,,,False,False,коэффициент_автономии
9701055477,выжил,,,9.81767,46.73.6,12300,0,-5.98734,0.143116,1,True,True,коэффициент_автономии;падение_выручки;текущая_ликвидность;убыток_2года;ча_отрицательные_2года
9701055928,выжил,,,9.81767,47.91,12300,663,-0.586515,10.4638,-0.578571,True,True,коэффициент_автономии;убыток_2года;ча_отрицательные_2года
9701098199,выжил,,,9.81767,46.90,12300,106445,0.000416997,,-0.685163,False,,коэффициент_автономии
9701101902,выжил,,,9.81767,77.12,12300,0,0.979245,,1,False,False,падение_выручки
9701104163,выжил,,,9.81767,41.10,12300,,1,,,False,,
9701164797,выжил,,,9.81767,62.02,12300,253,-0.0709677,3.36957,,False,False,коэффициент_автономии
9701182281,выжил,,,9.81767,41.20,12300,,1,,,False,,
9702021223,выжил,,,9.81767,,12300,61534,0.848295,,-57.2157,False,False,
9703004870,выжил,,,9.81767,62.02,12300,4390,0.391742,,-2.02759,False,False,
9703017004,выжил,,,9.81767,79.11,12300,1251,-6.06614,0.510465,,True,True,коэффициент_автономии;текущая_ликвидность;убыток_2года;ча_отрицательные_2года
9703021561,выжил,,,9.81767,72.19,12300,30711,0.113915,,,,False,
9703032877,выжил,,,9.81767,41.20,12300,103193,0.00147075,,,,False,коэффициент_автономии
9703039946,выжил,,,9.81767,94.99,20200,,,,,,,
9703044939,выжил,,,9.81767,45.20,12300,6607,0.771368,,,,False,
9703045883,выжил,,,9.81767,41.20,12300,,1,,,,,
9703063642,выжил,,,9.81767,43.29,12300,,1,,,,,
9704006870,выжил,,,9.81767,46.73,12300,39201,0.498734,,-0.481351,False,False,
9704016204,выжил,,,9.81767,70.22,12300,18912,0.128205,,-2.51198,False,False,
9704040503,выжил,,,9.81767,46.90,12300,48104,0.0243226,1.02493,-24.7654,False,False,коэффициент_автономии
9704044410,выжил,,,9.81767,93.12,12300,,-2.23404,23,,False,False,коэффициент_автономии
9704059180,выжил,,,9.81767,82.92,12300,9275,0.0071083,,,,False,коэффициент_автономии
9705061200,выжил,,,9.81767,52.29,12300,11319,0.0462468,,0.155362,False,False,коэффициент_автономии
9705065300,выжил,,,9.81767,46.90,12300,49071,0.870006,7.226,-0.441526,False,False,
9705066455,выжил,,,9.81767,62.02,12300,82688,-0.867737,0.523189,-0.37655,True,False,коэффициент_автономии;текущая_ликвидность;ча_отрицательные_2года
9705122220,выжил,,,9.81767,46.69.8,12300,4.75448e+06,0.484209,1.91736,0.016467,False,False,
9705153820,выжил,,,9.81767,45.31,12300,2192,0.00444749,,,,False,коэффициент_автономии
9706016457,выжил,,,9.81767,46.90,12300,56704,0.0216573,,,,False,коэффициент_автономии
9709044300,выжил,,,9.81767,46.73,12300,46490,0.212974,1.26055,0.67782,False,False,падение_выручки
9709060084,выжил,,,9.81767,43.21,12300,33822,0.0525946,1.05333,-1.0632,False,False,коэффициент_автономии
9709066209,выжил,,,9.81767,68.20.2,12300,20480,0.0245847,0.0228083,,False,False,коэффициент_автономии;текущая_ликвидность
9709066350,выжил,,,9.81767,72.19,12300,,-1,0.34,,False,False,коэффициент_автономии;текущая_ликвидность
9710027606,выжил,,,9.81767,,12300,5874,0.816885,,0.299964,False,False,
9710075166,выжил,,,9.81767,32.40,12300,39757,0.274843,,0.344906,False,False,
9710077981,выжил,,,9.81767,62.02,71400,128,,,0.163399,,True,убыток_2года
9715224044,выжил,,,9.81767,43.99,12300,21850,-7.35434,,-0.433633,False,False,коэффициент_автономии
9715242580,выжил,,,9.81767,66.29.9,12300,0,1,,1,False,True,падение_выручки;убыток_2года
9715245439,выжил,,,9.81767,,12300,17862,0.0742403,,-1.57081,False,False,коэффициент_автономии
9715306635,выжил,,,9.81767,41.20,12300,,,,,False,,
9715362252,банкрот,2024,Tender,1,10.92,12300,281391,0.2036,1.24713,-2.61536,False,False,
9715371553,выжил,,,9.81767,,12300,8547,0.381973,,0.648792,False,False,падение_выручки
9715375702,выжил,,,9.81767,,71400,,,,,,,
9717028486,выжил,,,9.81767,,12300,101786,0.0027047,0.860057,-0.591948,False,False,коэффициент_автономии;текущая_ликвидность
9717038981,выжил,,,9.81767,60.20,12300,10148,0.167047,1.02759,-0.397796,False,False,
9717050442,выжил,,,9.81767,85.42,71400,40880,1,,-0.771538,False,False,
9717063353,выжил,,,9.81767,46.69,12300,,0.966509,1003.5,,False,True,убыток_2года
9717077927,выжил,,,9.81767,46.90,12300,4970,0.825352,,-4.37879,False,False,
9717091030,выжил,,,9.81767,32.13,12300,20,0.0171073,,0.2,False,False,коэффициент_автономии
9717092241,выжил,,,9.81767,28.12,12300,542,0.22696,,-2.22619,False,False,
9717099913,выжил,,,9.81767,60.20,12300,0,-17.564,,,False,False,коэффициент_автономии
9718051657,выжил,,,9.81767,52.29,12300,377082,0.67918,3.11702,-0.34662,False,False,
9718055637,выжил,,,9.81767,72.11,12300,0,-2.7,,,True,False,коэффициент_автономии;ча_отрицательные_2года
9718079998,выжил,,,9.81767,14.13,12300,,1,,,False,,
9718113617,выжил,,,9.81767,68.10,12300,3450,0.5661,2.30391,0.959085,False,False,падение_выручки
9718124778,выжил,,,9.81767,,12300,506508,0.158027,19.7663,-0.156514,False,False,
9718131694,выжил,,,9.81767,56.30,12300,36813,-1.1244,,-0.777633,True,True,коэффициент_автономии;убыток_2года;ча_отрицательные_2года
9718148401,выжил,,,9.81767,28.12,12300,,-1.90769,,,True,True,коэффициент_автономии;убыток_2года;ча_отрицательные_2года
9718162477,выжил,,,9.81767,46.75,12300,28502,0.0571531,1.06062,,False,False,коэффициент_автономии
9718166062,выжил,,,9.81767,41.20,12300,16830,0.271605,,,False,False,
9718169634,выжил,,,9.81767,46.71.9,12300,2068,0.103004,1.11483,,False,False,
9718172323,выжил,,,9.81767,70.22,12300,8382,0.999503,1594.18,,False,False,
9718177716,выжил,,,9.81767,49.41,12300,23149,0.305632,,,,False,
9719003705,банкрот,2024,ProceedingsFinished,1,46.16,12300,5709,0.457053,,-3.78943,False,False,
9719004240,выжил,,,9.81767,69.20,12300,3361,0.733679,,-4.67736,False,False,
9719011819,выжил,,,9.81767,46.49.3,12300,48605,0.00842626,1.0085,,False,False,коэффициент_автономии
9719014224,выжил,,,9.81767,62.01,12300,4481,-0.0573108,0.084635,,False,False,коэффициент_автономии;текущая_ликвидность
9721088431,выжил,,,9.81767,45.31.1,12300,20355,0.0244381,,-0.351145,False,False,коэффициент_автономии
9721129293,банкрот,2023,Watching,1,41.10,12300,3034,-0.11783,0.914599,,False,False,коэффициент_автономии;текущая_ликвидность
9721154204,выжил,,,9.81767,46.90,12300,,1,,,False,,
9722006777,выжил,,,9.81767,96.04,12300,40,0.970588,,,False,False,
9723036132,выжил,,,9.81767,69.10,12165,0,1,,,False,False,
9723048032,выжил,,,9.81767,,12300,219514,0.681666,2.76664,0.551076,False,False,падение_выручки
9723098379,выжил,,,9.81767,71.12.45,12300,98134,0.44383,1.79801,,False,False,
9723106534,выжил,,,9.81767,84.25.1,12300,1896,-0.205021,2.71591,,False,False,коэффициент_автономии
9724014043,выжил,,,9.81767,46.19,12300,,1,,,,False,
9724041907,выжил,,,9.81767,82.30,12300,31447,-1.34435,,,,False,коэффициент_автономии
9724044383,банкрот,2023,ProceedingsFinished,1,62.01,12300,,,,,False,,
9724044930,выжил,,,9.81767,10.71,12300,,,,,,,
9724055064,выжил,,,9.81767,41.20,12300,,1,,,,,
9725004552,выжил,,,9.81767,55.10,12300,110,-18.9178,,0.937783,True,True,коэффициент_автономии;падение_выручки;убыток_2года;ча_отрицательные_2года
9725026115,выжил,,,9.81767,46.39,12300,,0.581816,,,False,False,
9725026281,выжил,,,9.81767,56.10.1,12300,,1,,,False,,
9725036385,выжил,,,9.81767,86.21,12300,2164,0.00881954,,-21.3093,False,False,коэффициент_автономии
9728020802,выжил,,,9.81767,53.20.3,12300,29355,0.0243323,1.02494,,False,False,коэффициент_автономии
9728041873,выжил,,,9.81767,68.20,12300,,-0.4,,,,False,коэффициент_автономии
9729004465,выжил,,,9.81767,49.42,12300,127,0.98827,,0.903275,False,False,падение_выручки
9729011695,выжил,,,9.81767,46.46,12300,193226,0.75744,,-1.56912,False,False,
9729070919,выжил,,,9.81767,46.71,12300,54736,0.0694599,,-1.16382,False,False,коэффициент_автономии
9729087334,выжил,,,9.81767,41.20,12300,8080,0.237108,,0.120783,False,False,
9729092133,выжил,,,9.81767,68.31,12300,20088,-0.214238,,-0.733966,True,False,коэффициент_автономии;ча_отрицательные_2года
9729171025,выжил,,,9.81767,73.11,12300,59769,0.80478,,-3.2686,False,False,
9729276099,выжил,,,9.81767,46.18.2,12300,28628,0.431792,,-0.740727,False,False,
9729280183,выжил,,,9.81767,,12300,63400,0.0103084,1.01042,-0.465964,False,False,коэффициент_автономии
9729282367,выжил,,,9.81767,28.22.6,12300,227277,0.00141493,0.920238,-2.04176,False,False,коэффициент_автономии;текущая_ликвидность
9729298247,выжил,,,9.81767,,12300,17409,0.659851,2.93989,-2.86609,False,False,
9729311297,выжил,,,9.81767,41.20,12300,2293,0.164545,1.24512,,False,False,
9729311755,выжил,,,9.81767,47.59,12300,21893,0.571549,,,,False,
9731001422,выжил,,,9.81767,,12300,1.15222e+06,0.183736,1.22308,-0.260574,False,False,
9731051582,выжил,,,9.81767,52.24,12300,,,,,False,,
9731058080,выжил,,,9.81767,81.10,12300,26376,0.0456853,1.04787,-2.35615,False,False,коэффициент_автономии
9901005160,выжил,,,9.81767,,12300,0,0.25641,,1,False,True,падение_выручки;убыток_2года
